0.0690022971763974,0.0899799951915897,0.0394476841904099,0.107755926285587,0.993718802133305,1.39999995285629,0.491913957531465,0.711490915085263,0.669386336599104,1,0.999999557512486,0.01
0.0638008062905657,0.0816946540017465,0.02822508674154,0.153476998055213,0.999286246029944,1.10000076592009,0.1,0.564797299737696,0.518347290537824,0.887559799052231,0.996315828659543,0.01
0.0321367136033983,0.115241741287788,0.0269224620126523,0.192271719058868,0.99607469576386,1.49999989615983,0.1,0.640049334606385,0.875400613815817,0.538950885313635,0.604372073596263,0.01
0.0815389944853262,0.145256643173367,0.0718022516570729,0.212700137159795,0.992170667729842,1.35000010727822,0.1,0.969077143394219,0.930903557263681,0.5,0.63379515952985,0.01
0.0322320795722808,0.140295047057869,0.00491277184204335,0.3,0.997951963957043,1.19999970070152,0.1,1,0.963392593155275,0.530387093788508,0.569992860797668,0.01
0.0019767699101168,0.0649503263696113,0.000144457974946479,0.137242221600087,0.99995,1.90000003677592,0.1,0.71198810939434,0.888525648084015,0.624109031656696,0.5,0.0163618068306935
0.023326996179948,0.288017204080294,0.10271750293141,0.252967859914323,0.998014068488602,1.00349278622639,0.246507242398565,0.61739465012665,1,0.5,0.767534091842637,0.01
0.12115935854198,0.272264400007594,0.111234282231179,0.180877091302318,0.99995,1.04999996574506,0.1,0.776637679298048,0.792236189524355,0.561658204925033,0.707107340992497,0.0330150274745629
0.0317696421316397,0.0814084706660136,0.00284422164289281,0.280921641373721,0.99881027579748,1.15011388039794,0.299885357360727,0.96233582616165,1,0.889047490946582,0.716088773706858,0.01
0.0303815005245651,0.3,0.128371843775205,0.0567015657735001,0.99995,1.19999999578218,1,0.5,0.502000136574,0.594125440502722,0.984300839648348,0.0123965772530457
0.0772396351074498,0.16037821377543,0.119982290707285,0.0825895954841466,0.996439431268746,1.15000001827133,0.1,0.756733291456788,0.822429705345841,0.674800882778705,0.79659940111625,0.01
0.0168644067091743,0.120713689173613,0.0121834848256995,0.157119499190016,0.992209790791673,1.14586404490394,1,0.550312012065297,0.625570001595787,0.5,0.551317749893458,0.01
0.0232985263359022,0.135625689870589,0.00176533625720702,0.3,0.999485232421293,1.25000011280675,0.1,0.908914521504986,0.940130187794691,0.602914818194497,0.62417111943589,0.0102093983785421
0.0001,0.0437139972761705,0.00107712263935056,0.105531505659265,0.998306566080949,1.49999996213741,1,0.657927765708315,1,0.5,0.5,0.01
0.0001,0.0504048367187894,0.0049047826431495,0.0444904384025866,0.99995,1.43954065250751,0.510459385974019,0.545247152325399,0.758549819272606,0.523008563023141,0.5,0.0125044534220925
0.0113779739747036,0.0519348125604737,0.000298559427929126,0.12413759387955,0.99995,1.27010572074445,0.329894242868825,0.631115636139546,0.851249281840852,0.662729806521539,0.5,0.01
0.0115492355478765,0.0907458818806728,0.0001,0.153392689873283,0.99608900317186,1.32091860811819,0.226108008895207,0.766423008833359,0.865499202536669,0.687532409451874,0.571937986965677,0.01
0.0393414121646037,0.163054880876503,0.0519211929745169,0.0559267769929415,0.997227128292769,1.39999989370013,0.299999836324168,0.638623933919064,0.780628063466735,0.63169266141252,1,0.0149456439519926
0.0192086580024179,0.168626027299785,0.0409591982103043,0.239338286843584,0.999247123458089,1.49999992386776,0.400000242894088,0.80694813634626,0.903545487430711,0.709236886013382,0.562051375681865,0.0136222011908318
0.150697889204071,0.3,0.0945097814597171,0.275197472961092,0.989,1.3048419505896,0.809841336992173,0.644958461509728,0.5,1,0.99999175673441,0.0321370629354015
0.0558128237879017,0.242241150956699,0.0475410720407169,0.123475902778327,0.995087590693341,1.18567819020301,0.20028461506348,0.716617766696666,0.5,0.5,0.642358272261238,0.0129403294850742
0.0235209183046777,0.0677318358207843,0.00172089960641325,0.120214139764913,0.996835927642781,1.3499999896278,0.1,0.956728012124922,0.973551548332402,0.632968458562697,0.543504130893798,0.01
0.0267969499447841,0.0629237544132413,0.0041290821221679,0.0505597997426369,0.995317534058481,0.36919007067876,1,0.62564871141612,0.732064770747691,0.957160970197872,0.70711215641693,0.0138762804506064
0.15931786611566,0.248972645095516,0.3,0.0413034366515882,0.99995,1.43284545582562,0.1,0.937470708974873,0.933391343823697,0.716780616489886,0.932086337384631,0.01
0.107276454482522,0.168796513815109,0.1439465168626,0.185415309073869,0.996248812995209,1.24999998298093,0.1,0.681324734697101,0.749938275940369,0.999997864685901,1,0.0283005347850637
0.00456334746805083,0.0455666407545192,0.00124107261259646,0.0756521786318543,0.999334179620673,0.95000064113962,0.140497077480553,0.785615323605134,0.86046427497272,0.5,0.5,0.0109433780255585
0.0113786504510123,0.100556903188278,0.00345356420582321,0.19106223663985,0.999305133073664,1.39999997579613,0.554566705875306,0.852408181608497,0.853988354976365,0.54010397223467,0.861144321509699,0.01
0.0208761911814558,0.0851131966855222,0.00283238254157797,0.141388684866127,0.998922475102452,1.2335997817095,0.266400341922823,0.77409436387516,0.914438087283224,0.621810376557511,0.5,0.01
0.00807017317620185,0.0989372048081528,0.0011236465564029,0.124778931809208,0.998622161977612,1.24999967566311,1,0.591795038819349,0.864262862393479,0.5,0.5,0.01
0.00138576198297794,0.03464665101925,0.00232626001560873,0.0568489938667762,0.999134763951499,1.31857871283661,0.1,0.628677485465712,0.774082484154942,0.82657474003672,0.724257311552391,0.01
0.0239164799478349,0.0878356046159928,0.0119421058990879,0.172179974834393,0.999834187359372,1.19528514696117,0.354714467744741,0.750273917353917,0.960037331324583,0.614384858619168,0.672089115620077,0.01
0.129515460744239,0.3,0.155601695434985,0.264110705285871,0.989,1.39999958276167,1,0.850543501058111,1,0.927970317959449,0.759458194213202,0.0206243246410046
0.0001,0.0561741656000163,0.000678776279421103,0.130576083469712,0.998992199522219,1.46022220996364,0.239777456549958,1,1,0.528397800914552,0.5,0.01
0.0723491949960606,0.0853311265890491,0.0407790801503064,0.192591841303946,0.996969752609267,1.09999964285034,0.1,0.871099748497606,0.930908785847178,0.635069331017577,0.740069509138806,0.01
0.228117743740589,0.179045351742694,0.3,0.142246176440331,0.992616736195094,0.999999962728505,0.1,0.7632749038872,0.781747204882623,0.98539904018079,0.984171534724711,0.01
0.0187173246514518,0.128589889145649,0.0480977874935188,0.123591358755594,0.99995,1.14999951046621,0.1,0.559250915324407,0.572495582497408,0.797032377059696,0.955412156371486,0.0329908423307394
0.03064116351315,0.116324988069073,0.000722842148209492,0.180446030817766,0.994300201349893,1.31433125955956,0.1,1,0.831287660438105,0.773425578661092,0.653827058309153,0.01
0.0396139440108072,0.180774020593326,0.0414641782334466,0.132795664896886,0.997157658478802,1.60840018625021,0.291599898999593,0.5,0.813801077190879,0.596103083598051,0.549699824606402,0.01
0.130951323419906,0.131584061437096,0.17434730111284,0.10860102580843,0.996421667735248,0.950000068826466,1,0.811295233006579,0.91550205203029,0.568895344251672,0.629810599353656,0.01
0.0120785977290821,0.0728784540412757,0.012129029858026,0.0970767409408322,0.993526583537495,1.20000108710954,0.177744171615883,0.596305947955667,0.530646858797602,0.786898929391267,0.596648749020386,0.01
0.0981075579422462,0.22338029079072,0.168384311172431,0.106236919788688,0.993706407365015,1.05000002982086,0.1,0.610471973489785,0.597810338901769,0.965532400268089,0.77202036170917,0.01
0.0016983099973772,0.0613592216073496,0.00191898014704801,0.102814216035239,0.99995,1.33302892478182,0.416970863643991,0.952592131049599,0.84058995297109,1,0.708684386283795,0.01
0.100838752850569,0.3,0.183548240643458,0.263972026397109,0.992012866105267,1.25000015188745,0.214447243839252,0.683642239639163,0.723644789482638,0.559503132203897,0.80025738074109,0.01
0.0501424326120056,0.133322254645411,0.0416106739796017,0.223827168026721,0.996651104605086,1.25006080476529,0.249939207846766,1,0.926551100662359,0.523429205594762,0.554182073462029,0.01
0.117887390999603,0.149530503465421,0.0720746165982332,0.217369410515183,0.996544137168164,1.50000030104818,0.159393875409116,0.907798839193571,0.977109686330304,0.5,0.544265412344906,0.0156941412334171
0.00563167892685169,0.0691210152210733,0.0042693580396453,0.163398959745787,0.998141139778771,1.39999243835405,0.850010009677899,0.605894052306947,0.758656236823146,0.5,0.557447796103883,0.01
0.013234666323802,0.12336449221773,0.00344130444135865,0.23085577355353,0.997961785600209,1.30000023369738,0.1,1,1,0.5,0.652962697939491,0.01
0.0215988060677972,0.0824629704662524,0.0194439441051827,0.0488440469269722,0.99995,1.59432977404592,0.1,0.909596436208205,0.894673031291421,0.721896263398164,0.924538503435623,0.0257020312477069
0.00497376498364385,0.0609952413051916,0.00469746410764796,0.128224621730592,0.998198890166647,1.39999969953979,0.1,0.5,0.699900823944594,0.578492476159413,0.640140917760844,0.0119839734772675
0.0447175121555378,0.248419265307957,0.0248018565013184,0.262112669467295,0.999718919451413,1.0101467493093,0.169943372709496,0.867785228762055,1,0.504360464663254,0.832181149676835,0.01
0.0001,0.044610536203512,0.00128199328619492,0.067404854299277,0.998432098608838,1.74999993892181,0.800000029597768,0.5,0.603748608409007,0.501414277220319,0.610389741318842,0.01
0.0001,0.0391831187786464,0.00141954289650891,0.0374699438013656,0.999594070358519,1.45280617168362,0.397193906715931,0.5,0.697023091804508,0.5,0.553772409189038,0.0107410673553423
0.0490245949290732,0.154975074363558,0.0106898613242921,0.265463405112484,0.99995,1.01792069466301,0.132079302961655,0.675893758327775,1,1,0.999999740538322,0.0229624181069034
0.00676959181222682,0.0582583666174657,0.00459591877022126,0.0834981528460689,0.999732164018149,1.40000048643345,0.699998983470098,0.78135949311572,0.881624110189077,0.710494085705673,0.5,0.0132930515541593
0.00987694942142621,0.119203225177546,0.00902244834159543,0.27959923232228,0.996973285054021,1.30000009616295,0.299998339635516,0.750261787261705,0.975206526769144,0.5,0.608154721819977,0.01
0.00565092857644269,0.055246603621247,0.00331807865895268,0.109852285549307,0.999047051061304,1.15000000541721,0.1,0.810230867105125,1,0.5,0.512695591645748,0.0106431773809829
0.0463453377138153,0.3,0.0652189305583376,0.122284165951893,0.99995,1.06475060732492,0.385247765273893,0.5,0.649849749089771,0.565738244340263,0.913190374742674,0.0289788921619219
0.00884291793148913,0.0930066487357029,0.00437731781905403,0.11095431850136,0.999806531550119,1.35000005386402,0.1,0.691204300063512,0.773045367757581,0.5,0.618458401580377,0.01
0.0216877407631438,0.0828934860204206,0.0164032937261977,0.123913882676414,0.997814327155,1.04999998496301,0.349997213406784,0.710164323628278,0.80449796312113,0.50661212252755,0.742146851318923,0.01
0.0167357503101638,0.174231019009212,0.0267538165723277,0.133254863935947,0.992800067164732,1.20000000045932,0.1,0.876389570028718,1,0.871105213705566,0.538249618689273,0.01
0.070836233868842,0.180601145616056,0.0575731977096068,0.278736611624242,0.997272126664116,1.05000001174251,0.1,0.723334366253125,0.90087739547665,0.607128883691941,0.834199403861625,0.01
0.0260618495355602,0.164334012548114,0.00529977512852082,0.3,0.991205824067909,1.10640698456343,0.119309705490898,0.669139161742281,0.965073326129001,0.837211229821393,0.988844585260929,0.0247492069228768
0.0001,0.231134931651043,0.0460364486049045,0.284271922807187,0.989541650055118,1.30000002922705,0.249999957216322,0.812265391007262,1,0.608292503038052,0.597116421035608,0.01
0.0925711903223739,0.245710514666482,0.126706199563277,0.172837517079995,0.99995,1.12099390496492,0.1,0.598656669076041,0.539626718847088,0.5,0.795496128842229,0.0304962512754258
0.0111288774819302,0.174956812669761,0.0447601769767647,0.173930147641495,0.989,1.10000021454308,0.326867515059632,1,0.928081638909911,0.502918034159233,0.537097213590282,0.0171302198834302
0.0001,0.0800854660549468,0.00470045078028202,0.115714108058673,0.998653123421325,1.25000010333484,1,0.505573052825928,0.867428165612352,0.5,0.523097731141599,0.01
0.000913095594781182,0.0284954698558707,0.0001,0.0837387842919173,0.999933428335266,1.14407958655622,1,0.602794001795896,0.912179728855326,0.747112474592219,0.756750147990771,0.01
0.00276414435884842,0.0456870045425693,0.0001,0.0615474073862808,0.998501930318661,1.25313885426551,0.1,0.72751200560894,0.5864913878411,0.785993337581002,0.5,0.01
0.0157978823474684,0.0753416724743807,0.0106962956757798,0.0656366199287213,0.990635285750164,1.45881620299614,0.341183004024669,0.928196945144652,0.573551776770936,0.519119001558002,0.568153418477275,0.01
0.0752860897963044,0.139202894686589,0.0126534616303857,0.3,0.995134765577418,1.20000012486308,0.699999063905368,0.872482660791523,0.947740792912474,0.865905678856704,1,0.01
0.0143395068304626,0.154817022639797,0.00799159251565235,0.3,0.989,1.55508464975234,0.294915352828481,0.891199063824344,0.878308311969449,0.645305894628525,0.620495605083963,0.0151407916528607
0.113012067906023,0.243186149688123,0.11701338091236,0.0572377700881457,0.997537555522134,1.20000007252856,0.1,0.857677208362293,0.728045506371194,1,0.683870495976576,0.01
0.0176451006102236,0.162094414601328,0.0510985719975098,0.0634860278975961,0.99995,1.36151013456312,0.338489788308499,0.957491053850445,0.969696661905688,0.804920895804827,0.5,0.0156050678918895
0.115050993489455,0.3,0.146324035611563,0.205680893926679,0.994164450018516,1.24999999059653,1,0.613155526830461,0.922169663145612,0.504470728517717,0.629405983257811,0.01
0.213364848689842,0.19924419429093,0.276849793949801,0.088897397748571,0.996835686985528,1.14999207466219,0.1,0.765979477357753,0.766536769063491,0.733946703603091,0.86293751813549,0.01
0.0606696472028825,0.206506424796676,0.0431711303064755,0.245542440888767,0.990062772595348,1.11277882388964,0.1,0.824041021261427,0.846800578469759,0.688791273842887,0.952687166205419,0.015574213354899
0.00397654519580169,0.0435118332018939,0.00169706293925554,0.0213325987725209,0.99995,1.60000011654004,0.1,0.947833583224824,0.745639505850802,1,0.706012422403458,0.0120834694810537
0.00680284557136591,0.0408288810958089,0.00251191565247044,0.058110206392303,0.99995,1.34999991664258,0.1,0.59212002221651,0.762593236031612,0.5,0.524877904706328,0.0129133103359093
0.00687713175345334,0.0373323538546662,0.0001,0.0197261628087844,0.999667690193132,1.33069819742912,1,0.723216702313215,0.5,1,0.944053977442108,0.0108798712267744
0.00420190246158234,0.0750285173580265,0.000487277285242561,0.195071655831216,0.999889587439283,1.32375914195104,0.957751910291155,0.640075058114231,0.848436390494901,0.5,0.755278076925912,0.01
0.0154382695574111,0.0574205907798611,0.00814664781960097,0.065648922566767,0.99995,1.2999998460073,0.1,0.571560142467465,0.81361980347648,0.785163877251497,0.637569104678189,0.0182353915445122
0.028244332814445,0.0955332309586755,0.00424125584606191,0.200087657090584,0.995360079997418,1.20000038294058,0.1,1,1,0.600945564718464,0.550602343678614,0.01
0.00489919639557168,0.0573360880634312,0.00206273394565601,0.0553088111079666,0.99820131332728,1.24999995485475,0.1,1,0.72171800644178,0.5,0.506309134716448,0.01
0.0354541735171322,0.0928693974886254,0.0087005821731328,0.16493579955538,0.99995,1.34999995344397,0.199999822476137,0.818463519934189,1,0.817364110052074,0.517291937964481,0.0234485741610068
0.0155273976428194,0.0993182977229112,0.000467351393320385,0.264089389982897,0.997232439506218,1.30000000789067,0.1,0.780143198007888,0.964689252562495,0.50326185517135,0.534091960698425,0.01
0.104436869906604,0.158778407207406,0.128589851469897,0.126022391084473,0.993202374755734,1.20000001444946,0.146078159054572,0.5,0.570247442624235,0.999999523671149,1,0.0134862389554544
0.0477208600202425,0.0893227764674501,0.0201214495239688,0.0826680341429018,0.996705832619944,1.06553494680285,0.284464949663597,0.670499268371033,0.516142571792322,0.512965256456282,0.631796674190483,0.0121778495962566
0.0960488610075574,0.19074251293162,0.107334241261764,0.131317578736133,0.99995,1.30000007672117,0.1,0.816400540083925,0.84397786210197,0.892725658882801,0.631734176694834,0.0252547544619514
0.0604093576678495,0.127710084796743,0.041673158522992,0.23210510854022,0.989397060383171,1.19999998414967,0.1,0.760263125097384,0.846597524938123,0.73047414104165,0.63249294361623,0.01
0.0534221307410013,0.165587529740129,0.0649966185937012,0.3,0.993451902819635,1.11241423712427,0.119228074788585,0.75940564962003,1,0.527826665764951,0.624872822208225,0.01
0.0123891732862695,0.0702964532862571,0.00272399396564903,0.137734103052767,0.998913874001055,1.15000009096591,0.1,1,0.905833964201656,0.737997354935509,0.526399803535219,0.01
0.0169094972165395,0.14211791932779,0.0317642835800554,0.161767504189836,0.99730062535522,1.75000009726502,0.400000066233643,0.998034596025181,0.998110814619992,0.845076994992254,0.606210182732139,0.01
0.0420216898566041,0.10457297832202,0.00574835898553733,0.178501826738919,0.994888790214824,1.22264644048588,0.1,0.883715903501822,0.813450516289286,0.61929814852465,0.651618231141058,0.01
0.020112517646604,0.217165599840875,0.0001,0.3,0.990097055915438,1.15000019938066,0.1,0.705960866800657,1,0.579339741042348,0.596472153279165,0.01
0.022811858238389,0.081604463227056,0.00478832153938573,0.0730513122043911,0.99995,1.32832917036713,0.259438307443898,0.804638770181426,0.527600580542058,0.5,0.666782983986316,0.0205012829504803
0.25706342829309,0.182329575922425,0.260858448254366,0.0698690810316351,0.994633281001009,1.24999953730192,0.1,0.917638146860833,0.8512376396463,0.888504951309942,0.751320890326239,0.01
0.165796673660077,0.247245063025535,0.191609806968904,0.133822408886241,0.990444015388399,1.19999997580248,0.1,0.974580722969297,0.98710719258625,0.926877723801768,0.750392444712723,0.01
0.0769648194929657,0.218522363571531,0.0814338282207926,0.0935008979004799,0.994507199032361,1.19999969083071,0.1,0.758388912220417,0.862977981202617,0.922816936761369,0.58475296075748,0.01
0.0373031507781913,0.138860802915316,0.00248420968540764,0.223020535469147,0.995714646920648,1.30000018294418,0.349999869174014,0.788872957164886,0.787890057121922,0.533338561931692,0.665726931723892,0.01
0.0730173825694396,0.3,0.171212337533462,0.0551307649768905,0.997655886667354,1.2499999735348,0.547908561273895,0.607578024370258,0.701373275429978,0.613945429344417,0.995467680516975,0.01
0.0142149036013644,0.119961388632816,0.0248266478661158,0.0778983689314411,0.99995,1.24999998502954,0.1,0.97230524786105,0.880112710466802,0.825325458448097,0.5,0.0203073911306002
0.00792788244246784,0.0623224172549475,0.00207558912997081,0.107482503469577,0.999708347668338,1.01863179357606,0.1,0.995080161149853,1,0.5,0.617604443016319,0.0110633072195752
0.114440304974139,0.207888945509631,0.0717323577703613,0.3,0.990511810285342,1.35000030341571,0.399999707651173,0.628568121318566,0.703886414927354,0.716099727027232,0.8140353859854,0.0152395672318126
0.0355983681161629,0.125660986781908,0.011359848257391,0.268734897929257,0.99411504292936,1.15364044402375,0.14635875861249,0.734156392004827,1,0.65484401432589,0.763839965301836,0.0101780977712918
0.0284958124924965,0.236218910329808,0.0216049974621441,0.248992765979366,0.989,1.2000000931964,0.1,0.89386670157584,0.762478775882428,1,0.620025268312773,0.0273035867225668
0.00200266110572012,0.0447931525768365,0.00229612734224374,0.0240291405758738,0.99995,1.44999962822791,0.440006547571216,1,0.873567564008498,0.577140707037452,0.5,0.0128443894893707
0.00401279912379861,0.0483886867082582,0.000387379491786139,0.106585033898107,0.999773665156169,1.29999982392458,0.699999289363814,0.731443205192575,0.859544578067177,0.5,0.573486962318214,0.01
0.240295781462093,0.240601737805138,0.294965840375747,0.079394003083109,0.997148793097632,1.19999994898026,0.1,0.934130776142032,1,0.780400844995345,0.657667802284344,0.01
0.0295317743259934,0.129071595933222,0.0180426580469908,0.165315026874488,0.993496865064932,1.30000703742091,0.299992953846853,0.767009585659198,1,0.5,0.5,0.01
0.027889991139028,0.3,0.0401214065736765,0.154911343435825,0.989,1.10000526602821,0.573334574491913,0.5,0.5,0.810049057179457,0.96264112620799,0.0250434312503058
0.0688505658941952,0.147443246310437,0.0723654412593247,0.0669577134484124,0.995099390300541,0.999999971272535,0.1,0.771105363283645,0.785063509411918,0.773757280916981,0.979789621173423,0.01
0.00100281103664371,0.0255221555003906,0.0001,0.0389688472315829,0.99995,0.970681523557654,1,1,0.903654011176419,0.69691059532612,0.5,0.0125518819332815
0.00381964174933589,0.0446535901049432,0.0001,0.0764741444883515,0.999610505323702,1.36435840417216,0.1,1,1,0.5,0.523782313306325,0.0126722153867323
0.041441015102129,0.108592104140477,0.00869891638372672,0.159917685191156,0.998683837168781,1.39995223122038,0.400047531390017,0.668613545049284,0.851973360288272,0.5,0.593131895207489,0.01
0.0234232198842962,0.10364125592476,0.0279159135371758,0.143841574661053,0.994130318335497,1.00001249375347,0.799987416895387,0.537736771693962,0.622972439331752,0.717691242630941,0.992216484091511,0.01
0.3,0.3,0.20605149916173,0.3,0.989,1.48577937226745,0.161660790809116,0.793531949834173,0.997099504045593,0.766849025405259,0.712407447453684,0.0478268709726732
0.0001,0.0649803947618559,0.0001,0.15308632606134,0.999053835364303,1.30376926276322,0.1,0.748705440634858,0.914869786529738,0.5,0.5,0.01
0.193648246369648,0.136838903926819,0.230272938920205,0.161704492266249,0.998667606226015,0.700354356350843,0.949634219453098,1,1,0.50975147343641,0.637736230674206,0.01
0.0452653506507271,0.0998123644570543,0.0159362200167027,0.199751313202424,0.999487306363952,1.06072852206094,0.189271893616181,0.948386457044796,0.896312221332793,0.553942119831637,0.623618322411464,0.01
0.0117100976741157,0.116346016658784,0.007280642649009,0.253692757035241,0.994489710936343,1.40000000099961,0.1,0.959533984718616,0.937544411691255,0.613861075569344,0.604089608323702,0.01
0.101047897109428,0.16526481568097,0.111949101441031,0.198386546696673,0.989,1.05000038337373,0.111887810369504,0.61684462768577,0.645903716159378,0.890089515039086,0.991656119618069,0.0124182637368854
0.0851477433639967,0.0984781429289734,0.101943424592017,0.0631388019101208,0.997680169860325,1.20000002605908,0.1,0.828460209670452,0.809826213841908,0.820557664866206,0.925652951226579,0.01
0.00955120410550423,0.0988064578933212,0.000716230752674231,0.126692569390037,0.99725472639753,1.40000019957993,0.700000438600094,0.609898685715421,0.750305438686884,0.862534290300587,0.5,0.01
0.147435568439719,0.131455548681728,0.109414938363571,0.243663157443329,0.994351651923915,1.19999994726907,0.1,1,0.983781307526801,0.528102017446571,0.599434506419453,0.01
0.0228807358647225,0.0770382308072592,0.020883442665116,0.0697105419036721,0.998582682522685,1.64999981680864,0.1,0.839682973762027,0.793007057826862,0.5,0.640227968260572,0.0164971402947611
0.017151884421875,0.0625251310622552,0.00303919681992325,0.118339747343675,0.998873531984549,1.1500004279061,0.103184192415523,0.723359205896916,0.672731128964851,0.5,0.5,0.0102727557357033
0.0154563615461917,0.0585590980375759,0.00185012714199114,0.0516352246544464,0.99765526567295,0.698519194782195,0.951480406383969,0.781833994100146,0.777129003252105,0.823182010090675,0.509495934702583,0.01
0.173090556971058,0.3,0.225138127094139,0.158100077022274,0.991996204548313,1.20000395193524,0.849997150302162,0.577140394340932,0.601740046132943,0.68727289506879,0.892169817258514,0.01
0.0254635171858722,0.10571290390037,0.0155092632197542,0.265708912887933,0.998992660542026,1.50000000245559,0.1,0.809492020477943,0.998953390456662,0.5,0.585052117345023,0.01
0.0202869082709703,0.0798304793302942,0.00358323959381289,0.0577773861401895,0.996488248429989,1.40000044974816,0.999999519028121,0.885136665119938,0.74466150487073,1,0.533892743530482,0.01
0.0702473734218913,0.17001190388201,0.107908289634817,0.245950722867949,0.991271585713376,1.15000000639558,0.1,0.860885482224987,1,0.528283996723343,0.78727356896715,0.01
0.129534287407209,0.3,0.231534779457139,0.0697045477713432,0.999389654880225,0.814087347790708,0.135912316876152,0.798441445306082,0.885034958297432,0.524722974188032,0.77006683132254,0.01313538741807
0.00145850671185747,0.041102555388885,0.0001,0.0447760210896055,0.999504618535523,1.24453531539465,0.167299716206776,1,0.709204960362048,0.5,0.5,0.01
0.00372585881694386,0.0489427374233002,0.00177550781048619,0.107081966536,0.999426097331871,1.01377194443639,0.386234146888288,0.977401614060037,0.993508017240081,0.5,0.5,0.01
0.108564144492411,0.154734118560389,0.13508742102699,0.074229310804541,0.997293401854842,1.39999997130526,0.1,0.569790008285927,0.647968194145002,0.78802565952644,0.899209546382006,0.01
0.0160454199814605,0.0764472378314467,0.00251784258306098,0.197784713605666,0.999400187508302,1.35477423105782,0.1,0.878821748834604,0.937594245387799,0.575172216328486,0.691236667820188,0.01
0.029847782483459,0.104323846071904,0.00274937964612399,0.262176960460583,0.999939732942906,1.23256133358102,0.1,0.855416167680589,0.885887037654818,0.5,0.594569450785997,0.01
0.0799144604018202,0.232888931577243,0.0821716518059428,0.115407755127048,0.996066193755253,1.28102116388791,0.368979168977547,0.823930924676222,0.5,0.698473607169947,1,0.0187177739286264
0.0158026882029567,0.0856173705419247,0.0124806306374425,0.182748290707912,0.996915497602127,1.18923291934015,0.760767113505274,0.7672936932615,0.939085112649299,0.5,0.765538361537388,0.01
0.0548588976577539,0.117491561875223,0.063989916165639,0.0734451958939259,0.994262239435232,1.10000001457193,0.1,0.856914615747039,0.761382564660178,0.693783277668477,0.831747438436053,0.01
0.0475839090229099,0.118051769612081,0.112141599476702,0.100113755721516,0.995641982511224,1.29999997373316,0.1,0.654034192651792,0.730485048854312,0.588105119079541,0.644764958864102,0.0141617035629396
0.012618750569637,0.0756046265519654,0.00124947028006884,0.111919184337487,0.996226094211214,1.40000247570459,0.390491988886679,1,0.892068080285475,0.578669028529414,0.5,0.01
0.0562317965130093,0.258456003775812,0.160885129642704,0.0810389419318645,0.998765767716883,0.949998278372119,0.849988732963935,0.517438863594081,0.670057632958239,0.5,0.689819102523747,0.0195487969182947
0.0313634640197771,0.0806590056935469,0.0646892335376252,0.0477489176541412,0.997334673020404,1.10000005030427,0.1,0.856172417404682,0.942957386523216,1,0.706690601570328,0.01
0.0137104327090706,0.0823839518457935,0.00470354813646189,0.16257873075648,0.999799237283017,1.25000014676175,0.1,0.823799836711484,0.918090578089006,0.958839154980289,0.5,0.0194773590252892
0.250517683095182,0.295447925477513,0.3,0.0935239239208166,0.992549132952437,1.1000001082006,0.430243482703324,0.759767909396363,0.837823581519074,1,0.83427216522351,0.01
0.0012156725411999,0.0265355899235124,0.00022837512903711,0.0426395304823667,0.999870033524092,1.30000001698707,0.146501455128716,0.600557205887159,0.956007967069016,0.981714261620497,0.8183201797282,0.01
0.0384247767946142,0.168076191116339,0.0123089322947257,0.197447195144655,0.989,1.03150763986636,0.118492358115578,1,0.938183297090455,0.732196429609515,0.5,0.0178377628928371
0.0587436085117519,0.115179911566046,0.0559143067632726,0.077052928237983,0.995208727661146,1.24999999798134,0.1,0.699224052069753,0.673368053137755,0.871652586203115,0.685500648185412,0.0126788285949317
0.031366230912896,0.0894809013827769,0.0214094198472509,0.144629157026426,0.998814102188487,1.2781626972153,0.1,0.827122034092874,0.907638555766832,1,0.902129386880179,0.01
0.0286853543439984,0.0917248055825922,0.0269578402849969,0.124876180957492,0.997602175627737,1.35000019332936,0.19999976835586,0.661180492526277,0.878246123541215,0.520418264672875,0.561500322163295,0.01
0.0197197145222766,0.0903119831629229,0.00152780366719851,0.167249025494599,0.999455933277478,1.12140016471594,0.128599261111303,0.933548828753063,0.870391642210707,0.5,0.690645610610209,0.01
0.015068669677751,0.090654400231672,0.00101483800558212,0.158709123500012,0.996557481144549,1.20102479360346,0.1,0.597439381831205,0.963999173681057,0.601907226472456,0.589378674941734,0.01
0.00655970345780052,0.0552278665855576,0.00187496670124857,0.110188301366779,0.999631499191228,1.3000000275812,0.1,0.648690554168838,0.881979197463352,0.583985987473254,0.502023190578322,0.01
0.00292700888860594,0.0657068827300334,0.000284747752811431,0.208270568298088,0.99995,1.2235407322556,0.144554625134488,1,0.85135121090943,0.564333505942095,0.506863480075615,0.0122449608320868
0.00578590715868624,0.068732313854799,0.00595653851940095,0.103464702331601,0.999248853944516,1.14999993096475,0.1,0.816530791918267,1,0.762190224847278,0.5,0.01
0.0390642790623229,0.0896194825706285,0.00939244489721654,0.212892424436857,0.996991535372171,0.653581064724597,0.746418848140797,0.92972499552056,0.813162279545126,1,0.999998348302915,0.01
0.0638278391881215,0.215223382168195,0.0272934091331344,0.236904795737093,0.997714329636552,1.04234950729808,0.1,0.811616173162577,0.941780007713353,0.586362883123115,0.817676904139393,0.01
0.038368736149064,0.0403231811569019,0.025768525111646,0.0473340094918167,0.99995,0.699999858429333,0.1,0.835502050390067,0.791034543749457,0.941974410414611,0.985541906496613,0.0173779087460283
0.00773981630443529,0.0426966756139967,0.0001,0.0978493869235719,0.99993277837804,1.19999995491979,0.363159787499699,0.860855085985987,1,0.561414037218155,0.5,0.01
0.0187523527539086,0.131558341462041,0.0263139949963948,0.0479774752811148,0.997981183142503,0.65610699853612,0.593893108500545,0.715655252003809,0.825126329029004,1,0.528672631949874,0.01
0.00908916924903911,0.0684890006459759,0.00344425965357031,0.0483945406058861,0.997319761319361,1.40001300619944,0.549986778633698,0.643927968900185,0.573767141132994,0.796143548470774,0.572145052945085,0.01
0.105557870825636,0.116249567410347,0.0898760927905352,0.118908623945743,0.99995,1.24031182576233,0.209688248536803,0.504095858113792,0.547544928687656,0.724335507095686,0.711425509467418,0.0222225137781071
0.00116267637614074,0.0297391683997586,0.000674738279039074,0.132538934292354,0.999317089977421,1.1999999971142,0.1,0.64954952976971,1,0.5,0.58023283390002,0.01
0.00518697695208315,0.0432183172067512,0.000388479034151605,0.0764597445403437,0.997754589255837,1.2136018574473,0.1,0.937735597462725,1,0.786686695953685,0.614054667852614,0.01
0.0648557181234435,0.0868710501141676,0.024122448829114,0.207012018273042,0.997416695907618,0.999999704119917,0.1,0.905549902340392,0.819440410271636,0.599861896507925,0.603121108861863,0.01
0.0334604050032376,0.108602819901597,0.0110798946444158,0.203200929462408,0.999213073982642,1.45000022193657,0.102242927481172,0.80905440840404,0.970134495036729,0.5,0.664092967934493,0.01
0.0356458666777,0.0987189239131257,0.0111770275630044,0.189674393728806,0.997671247681251,1.40000002230955,0.1,0.781582559226664,1,0.577731771265553,0.520718551254104,0.01
0.134296738896007,0.3,0.229124761464132,0.0886624188887151,0.998145700122711,0.850000105828714,0.649999559656884,0.683043325841706,0.765852980011993,0.503031398515064,0.701156886111183,0.01
0.00663152424111631,0.0776579199200735,0.00763217090017734,0.0837686273959277,0.996715785062526,1.45000005519766,0.808771328786251,0.897960762126125,0.667205659125553,0.5,0.642377376035578,0.01
0.00349873878439093,0.0495570206515302,0.000584706328022403,0.0925212853637738,0.99995,1.21074265922723,0.1,0.52716699362472,0.895188320792021,0.53836434402961,0.631963516481899,0.01
0.00443151230969864,0.0676676275367827,0.00063670154500874,0.135129992599272,0.999043840998357,1.24999869266581,0.667516844817115,0.877931628674075,0.753148427770382,0.654407691212565,0.622810306153451,0.01
0.00605004007111219,0.0401690210267662,0.0026061026562289,0.0459619773980181,0.998197200750901,1.4420274707957,0.107971386781105,0.5,0.6015665250107,0.669959998683492,0.596569580116557,0.01
0.0217949231549241,0.0876784766097631,0.000852802570588239,0.0697439413838949,0.997654786460309,1.25630341814124,0.1,1,0.769482756222708,0.5,0.5,0.01
0.126077993963755,0.177516567383926,0.086011840959797,0.299908973644484,0.996000666828688,1.09999996284636,0.1,1,1,0.853713011547591,0.71863866846131,0.01
0.0586644588949455,0.130932809492611,0.014327210647472,0.298513428285124,0.997533674172985,1.24999998899343,0.1,0.764779895600255,0.862986313626745,0.552783556831946,0.672431718778538,0.01
0.0852069222423617,0.152543431575205,0.0878158239945275,0.188130605245734,0.989762024388958,1.0999637971244,0.1,0.817603955327331,1,0.602785763193818,0.648448335648408,0.01
0.0001,0.0545903237566794,0.00396935542750281,0.0464030800558516,0.99995,1.20939746470645,0.509498534127079,0.5,0.525417626221368,0.508670261573778,0.5,0.0262062967713722
0.0183227477267997,0.143277044442826,0.0192574680611232,0.18818092059998,0.99659817929048,1.40263607500171,0.1,1,0.988562972909981,1,0.619875667468493,0.01
0.00358884432464133,0.080124221979148,0.00236038992082837,0.170424804069193,0.99995,1.49999998669443,1,0.905156052772365,1,0.703639671709496,0.623899878145687,0.01
0.015986547973019,0.134977684186654,0.0453085074478762,0.198494564245734,0.996329457816512,1.29435025412743,0.105647405791998,0.763418054854847,0.953576159632359,0.662129131244009,0.624532220815883,0.01
0.0300452677551673,0.0519376611245938,0.00502321583855664,0.14762559251501,0.997844799168952,1.34999994691547,0.200000109729253,0.925405537578535,0.799201694172656,0.545824351377666,0.680077963310424,0.01
0.0373659178950527,0.187329150151419,0.0529336788655183,0.130993107943515,0.997244589134653,1.08931587255365,0.710684178314453,0.592212990584197,0.874151069239878,0.5,0.605680780667565,0.01
0.0412359480119913,0.170533902725015,0.0507475174976721,0.169086564706624,0.990698655005509,1.10000077487795,0.449994649567931,0.718411205059357,0.804925868292869,0.779412741233539,1,0.01
0.0360400784969712,0.0801314011630633,0.0383822292364973,0.0824326151552869,0.99995,1.04999773133304,0.650001771848862,0.503482948922026,0.5,0.635314796167423,0.744287628639706,0.0193153127416769
0.0307585033534305,0.138812284361972,0.033347224830379,0.154907645310587,0.99480227789585,1.2499662575687,0.900034691507689,0.932138392160692,0.690100047260502,0.5,0.538789531677238,0.01
0.113739482418391,0.3,0.232193764919739,0.188927686906672,0.99995,1.29999985875929,0.696186060071498,0.795702200856292,0.889137400545118,1,0.80168182389716,0.0167041615737777
0.0001,0.0360185664478008,0.00198599775178742,0.0758384197192757,0.99995,1.50000500617171,0.199994272935558,1,0.868521906689633,0.681722405331233,0.69613730148971,0.01
0.00232457679378463,0.039146287005234,0.0001,0.0669225893538705,0.998368981558895,1.4999999246299,0.149994732607572,0.648564063731477,0.966844436351335,0.800019150293888,0.641843242260891,0.01
0.0001,0.0274846077842704,0.00510725556777225,0.00847291563204677,0.99995,1.43576700725438,0.200605931298388,0.755496371903653,0.965814083842677,0.5,0.617084366898889,0.01
0.0187558710570212,0.0766412163069814,0.00554196415671224,0.120364776138214,0.998831262013089,1.19999998726392,0.1,0.738049500724291,0.930229122785096,0.519529173227107,0.5,0.0155719755961049
0.131774084083168,0.186379497075043,0.116293553523785,0.137380953495724,0.99995,1.30088784275014,0.1,0.557821376714732,0.5,0.584651029906162,0.712399840972725,0.0231033183395452
0.0487877643824432,0.126028133236723,0.0315754761894336,0.217138173774448,0.998024105908046,1.19999997600176,0.264497666006461,0.757358959078061,1,0.5,0.616504741639826,0.01
0.130729726484531,0.178811938977614,0.0869175108886513,0.240853469600904,0.989833897071751,1.21056742591802,0.189440387477729,0.882942287244354,0.999000922558246,0.596841480389352,0.57510583657774,0.01
0.0110659837807652,0.114376502545375,0.00393605168289139,0.0531000141661962,0.997916749380415,1.29726325827732,0.45273605558769,0.783199274039762,0.684693011139729,0.5,0.546771093950032,0.01
0.0312627402129034,0.0568132295180148,0.0107119775134724,0.0778218313132348,0.99995,1.30000004368839,0.1,0.899977900473026,0.721872049550769,0.65915094071665,0.5,0.0163941054598761
0.00879460106368082,0.120333756466272,0.00108777950732764,0.189985566884656,0.99743800206573,1.19999972853874,0.299999202206727,0.613447763181636,0.909523764083276,0.5,0.680985367972843,0.01
0.122144860441858,0.136342191190617,0.0744866628503293,0.294675353122546,0.998521344492925,1.1000002682449,0.1,0.805539264143859,0.925901157308493,0.563578626056282,0.677428169804366,0.01
0.0619908927955209,0.192607237834716,0.0631839230412366,0.149424763799815,0.996861586033496,1.06459949487708,0.185400503457004,0.916121953167255,0.948106420349205,0.506507240521649,0.750665097886155,0.01
0.0064408980155543,0.187581416642345,0.000501313979929842,0.111781440188985,0.999052902209589,1.10000061786715,0.38412586197581,0.504594502044445,1,0.5,0.546036595370403,0.01
0.00262731039162517,0.0320383289969199,0.00036625058450104,0.0686948085244118,0.997882414095215,1.25000000465343,0.1,0.71131949289419,0.83341343357847,0.65459977724507,0.5,0.0110843045490294
0.0982155099361178,0.118904412727243,0.103234147160009,0.0692658092346868,0.995448991496892,1.09999986409586,0.1,0.83506827097931,0.894706344368633,0.975682292911652,1,0.01
0.0938859407251008,0.226254581568142,0.155352222252545,0.109138442899903,0.994826198140936,1.04999998503694,0.1,0.527033695812175,0.582405878519246,0.779383526470978,1,0.0111625809465823
0.0158802354911911,0.0832029886973667,0.00682241160490926,0.0517040987290267,0.99995,0.249999906274885,0.800000009435247,1,0.887677926634113,0.540544717454802,0.5,0.0204317910449089
0.00348904541620649,0.0921835390336593,0.000941840347437196,0.170173887909008,0.99995,1.14999994759892,0.399968879049151,0.867774646808757,1,0.556057629729095,0.5,0.01
0.0749413277434553,0.118066274363419,0.0723093111656255,0.225482553140667,0.992425395978557,1.01523651233295,0.184763503729161,1,0.909377623605109,0.669773534037339,0.711452057782269,0.01
0.0136144822451974,0.0405939552975514,0.000412586059011696,0.0950345229675741,0.99995,1.27827072530388,0.271728260073755,0.772376037448135,1,0.5,0.559370334241566,0.01
0.0001,0.115483461889468,0.00665830039626498,0.233414376598819,0.999000011242851,1.30513446019505,0.394865431410996,0.886528568011084,1,0.5,0.5,0.01
0.0202559093890107,0.0904744818565463,0.00767855454494016,0.154925571202101,0.997144299822419,1.20815420767307,1,0.539599949394273,0.711768006383644,0.726717104724859,1,0.01
0.026411796496518,0.0407554446016338,0.000350629795407192,0.0342123701399953,0.99783029757312,1.40000072473434,1,0.736705372781703,0.626576549487001,0.899135789198212,0.579081023548485,0.01
0.110816117362435,0.186524004382917,0.178339541682326,0.115898029976834,0.99995,0.950000315546048,0.596154347160318,0.563250493601101,0.5,0.745010140511003,0.852629992638914,0.0197284691498646
0.0868418305941236,0.0840466350275419,0.0172978553333799,0.3,0.998362089997183,0.850000029837271,0.1,0.8340368313208,0.848852071066966,0.70498856605594,0.722315194552782,0.01
0.0568277708937187,0.0861781283068014,0.0366091524513655,0.0684631662309527,0.99995,1.1389616064629,0.111033682746455,0.862532952782543,0.752961112690107,0.764173168337381,0.58034381675635,0.0154553131800095
0.07377399388453,0.154292107287996,0.119481226544801,0.149455691706482,0.996212973503289,1.45000041750762,0.1,0.915893491624197,0.992831662833781,0.584344247488691,0.567606377205568,0.01
0.213446443603697,0.141768968094953,0.275618072379603,0.133617103053452,0.993749787824652,1.09999998587184,0.1,0.709115652534351,0.737315269765925,0.908504167499778,1,0.01
0.00529025863328945,0.0644964574779756,0.00124974547756523,0.128320008156029,0.998367747339003,1.70405458387375,1,0.780951851288876,0.893883178635843,0.609955451120671,0.5,0.01
0.00242152537463107,0.0643571878849081,0.00189781406780206,0.110223082269728,0.998954229391137,1.29999816853168,0.1,0.709196284024703,0.828465734943614,0.5,0.522303610776337,0.01
0.0001,0.0882628209970387,0.000577337497498927,0.191507987859268,0.999772014346569,1.34999844055538,1,0.622652515760119,0.854553568515099,0.5,0.528911039556061,0.01
0.00393496487173114,0.0438733812711626,0.00111180067653139,0.0531640829150641,0.99995,1.24723871782783,0.202760179930223,0.58357827619342,0.546373268578134,0.513715437715732,0.5,0.0104539084219453
0.136294125574319,0.3,0.178578618853319,0.189783640939494,0.998121184906867,1.04999989534053,0.1,0.894886646098914,0.985197179943959,0.698242806662904,1,0.01
0.0455105327539589,0.196186256019865,0.00841427353523641,0.3,0.989,1.15000002954779,0.1,1,0.958477317529035,0.910562484132648,0.668834961464568,0.0186083229059964
0.178862825407567,0.227670726502032,0.3,0.107753602466336,0.996825421078845,1.05000005418799,0.1,0.631472871645606,0.674500292946173,0.728954077471216,0.90181553466049,0.01
0.00294497647101101,0.0498955631646887,0.000425634840641709,0.0682786871297892,0.999418651128959,1.35000000840891,0.1,0.800749756093843,0.760902860454634,0.5,0.5,0.01
0.0502170223080729,0.0896390903246646,0.0834429498983812,0.0430875732264047,0.998056706215148,1.2500000101681,0.1,0.714118749909394,0.851596238741344,0.623979516265406,0.818766420285587,0.01
0.0682961186015275,0.103925248064471,0.0402577346440175,0.188339680983977,0.996954470474098,1.30000000008209,0.1,0.853546710148012,0.880740816988962,0.631412387717439,0.572019189562646,0.01
0.0882545575781464,0.129181913579619,0.0854780293254904,0.095365398421967,0.99995,1.04999991416646,0.1,0.815320448093279,0.896605521797972,0.7053104956245,0.778790218694596,0.0240381123128292
0.0630530607447548,0.1615711269169,0.0389186075590119,0.29453171540404,0.995224316247712,0.849999998634951,0.317953714039353,0.760969558735205,0.866482998893287,0.86626710261953,1,0.01
0.00436122802448747,0.0571012907006988,0.00105028005401975,0.0872407008216774,0.998546647539572,1.32367186216505,0.42633092559354,0.56249941979076,0.824308670552889,0.5,0.5,0.01
0.0205167585584581,0.0708374088027178,0.040490560620925,0.0759814580935517,0.998321557571905,1.05000043433449,0.150001483341425,0.595305149588549,0.707010622043725,0.5,0.566461543562482,0.0118687005843102
0.0350964165795853,0.0991305496617625,0.00973811379554306,0.14609637694599,0.99995,1.1903398874072,0.209660162445174,0.784284132170281,0.750035903385873,0.651191322702563,0.78207173562434,0.0259034574217024
0.0130244780036056,0.106164101559239,0.00204559059623817,0.2244692763878,0.99995,1.39999956468227,0.422296743914922,0.695345018951294,0.930083890689518,0.5,0.5,0.01
0.0410839184778277,0.126198868460442,0.026454308416931,0.17966989141337,0.993716371993245,1.1000004376316,0.1,0.579688179685392,0.614428311075501,0.590519017820315,0.672816299424902,0.01
0.021077934223659,0.0752294800231455,0.0108213974876259,0.141963214457449,0.997726696301452,1.30000007048147,0.1,0.762485626637599,0.896668766246723,0.680376393591037,0.543252475471631,0.01
0.0166233382048715,0.0836433620177807,0.014443594159457,0.164584220852819,0.996488399014431,1.69999999744132,0.1,0.756649241447189,0.762373892163289,0.5,0.548384385316275,0.01
