-0.343717135823104,-0.191906154320685,-0.360458053562142,-0.170799832474013,0.528049556946785,0.815134505380535,0.1,-0.4,-0.310374720668217,-0.345589289356152
-0.287009285847,-0.246967997296646,-0.259136004933174,-0.272405914670687,0.45,1,0.382919920309524,-0.4,-0.30325232984602,-0.533552828132077
-0.129517886179805,-0.118489947987689,-0.134044462218336,-0.11364078764628,0.480634647576878,0.949999696792217,0.134709631136044,-0.0764670813126305,-0.00100239815891701,-0.65
-0.182794000281915,-0.32511954950578,-0.186310370358042,-0.264646354935865,0.508906285951979,1,0.149999989725843,-0.018776165555191,-0.0956218391983565,-0.65
-0.251781521751902,-0.282442605641852,-0.342069669595538,-0.189102571569143,0.4758323435407,1,0.849999303028426,-0.390558150177089,-0.230019510934195,-0.65
-0.222841343391624,-0.267734959822639,-0.303180026678243,-0.150579464718335,0.531311830299939,0.899999988901166,0.549999980101286,-0.00746355579875589,-0.151557271335588,-0.65
-0.18221264250255,-0.202480576069809,-0.202824302082245,-0.166343750208926,0.500529114523872,1,0.250000026637993,-0.338639763934219,-0.274139434255394,-0.65
-0.364000105735772,-0.1,-0.345926537570483,-0.156681291556679,0.999815221922835,1,0.100000000000022,-0.399999999999977,-0.135040206131386,-0.295095199809813
-0.135257319255702,-0.185497270963441,-0.150281982688903,-0.208071348870772,0.487093373134315,1,0.749994051953243,-0.4,-0.396195128487048,-0.65
-0.196012622993812,-0.301552616566572,-0.277393656908731,-0.200020443596394,0.452420105034512,1,0.500000026071239,-0.229240265523216,-0.243674056130473,-0.65
-0.189066916466117,-0.180931283980986,-0.209964317289936,-0.112670602076277,0.484929553363667,1,0.250000001136133,-0.169146878623281,-0.043100305276397,-0.65
-0.177408467408292,-0.167290295044823,-0.134867246751716,-0.219691115029065,0.5157844495402,1,0.10000000332789,-0.0858412012740287,-0.0343952267719025,-0.649999936323167
-0.230425046697946,-0.154546382766375,-0.239372944530983,-0.242367365355061,1,1,0.899987621504303,-0.314432993945246,-0.4,-0.41126236635014
-0.181947117106303,-0.135914916463053,-0.182402555052955,-0.271477940222874,0.555263747848496,1,0.250000033881303,-0.4,-0.360827194727865,-0.65
-0.258408165856861,-0.218703525559826,-0.244756431927318,-0.201253234993502,0.559294042035391,0.90000004185618,0.1,-0.100210110227244,-0.140342870092348,-0.536608821051454
-0.1,-0.100592680832657,-0.132318731718084,-0.117110780181428,0.458571873510097,1,0.115319885059935,-0.4,-0.363002814168198,-0.65
-0.307499380715116,-0.222141625013017,-0.346769440234806,-0.179070796869678,0.54282211277514,0.595670321919904,1,-0.179035309469186,-0.0404520578190014,-0.65
-0.378500144319395,-0.192152019066418,-0.298509231948056,-0.257622333044947,0.490183576806802,1,0.99679840083237,-0.0700614701301112,0,-0.65
-0.255110214470118,-0.124348327761667,-0.189900016994789,-0.440963856720709,0.641964471301249,1,0.300008290110666,-0.0179298745977012,-0.0349063609585842,-0.61316403319629
-0.300815943828832,-0.133088784056694,-0.477658752197926,-0.149329100172066,1,1,0.455043307954415,-0.292779308752745,-0.152917975989483,-0.50810230880903
-0.294937109629214,-0.32542878890231,-0.492823365407274,-0.250705573414492,1,0.418007086224727,0.831992845057709,-0.364429069968068,-0.21594825419523,-0.338673902928247
-0.175320781015404,-0.233290074316053,-0.242995005276927,-0.149355089504556,0.522312957309649,1,0.24999991995095,-0.255149411034217,-0.274111647622685,-0.65
-0.363352665015045,-0.307053178080402,-0.448417337642503,-0.282645819159437,0.999967786283791,1,1,-2.9872544689316e-15,-0.0965733183461078,-0.369951282414052
-0.310263132429565,-0.250559452255705,-0.356171218033586,-0.19017310563371,1,1,0.499992285609834,-0.2996854397456,-0.213790699061367,-0.331895962275588
-0.172831922471549,-0.100557710836781,-0.15627125848613,-0.23601681125013,0.504002574200671,1,0.299999998195706,-0.342500634730059,-0.190018532303831,-0.65
-0.204673363850391,-0.145612059042354,-0.206417499853254,-0.136063790943541,0.475135340612275,0.999999999979689,0.999999999991187,-0.195350412280485,-0.0598734605208108,-0.649999981075527
-0.114158211762706,-0.158418933581308,-0.161759923128928,-0.108546867535665,0.464092669906007,1,0.200000012376763,0,-0.0354729033641433,-0.65
-0.244871043948314,-0.12354416123846,-0.19848396463021,-0.186996375301295,0.537257787798496,0.850001158844473,0.399986991007197,-0.123849255910362,-0.0945658073074546,-0.65
-0.305374203579054,-0.360149170749947,-0.306910336247044,-0.289599341249717,0.505181609494495,1,0.5999980525541,-0.15200298083673,-0.0435141237526834,-0.65
-0.347546826033061,-0.194869709830031,-0.314242632622812,-0.238365265943413,0.533017770518935,0.799999955746944,0.1,-0.290618526255648,-0.115500905991748,-0.416936359040517
-0.224436311148739,-0.184716295034513,-0.281042316323228,-0.213334239783037,1,1,0.997838037551694,-0.185677763785562,-0.4,-0.349513306348069
-0.267958943679797,-0.287033321417399,-0.323029752955939,-0.550760673952456,0.742553822854688,1,0.548720842915409,-0.0584796708165757,0,-0.65
-0.295629430786337,-0.217208919190517,-0.332988924197195,-0.239307997218522,0.525819846563482,1,0.650000020620199,-0.376167993001366,-0.343288277644139,-0.65
-0.213982248930655,-0.194824990827644,-0.200913213759899,-0.309996775471439,0.592155346555809,0.949999957972931,0.1,-0.322750799170586,-0.296619337917772,-0.560625902845696
-0.17951400642741,-0.229380003994652,-0.253881998235522,-0.138702735855397,0.45,1,0.700000036460816,-0.378623848521155,-0.368991487043978,-0.570492203538073
-0.19122359683527,-0.229066014312169,-0.28563394014998,-0.150113492567897,0.544324754274088,0.991731365253628,0.1,-0.30908787613265,-0.309810101215788,-0.598077776759126
-0.221250038501897,-0.135799317454071,-0.214116451690615,-0.247596397486544,0.544360647251452,1,0.100000002971766,-0.19066035728121,-0.232366979352162,-0.431472351568332
-0.341664353474001,-0.203822288031442,-0.447738794378282,-0.188353924447889,0.538464982902057,1,0.850000036566316,-0.294602359033792,-0.189365082847044,-0.65
-0.40084472761292,-0.139329071880087,-0.999959816556882,-0.100583428243483,0.473529934430427,0.999999999970772,0.100000000119651,-0.259488906016864,-1.18508416510666e-09,-0.320738529997103
-0.182760990382526,-0.1,-0.184098474193991,-0.133615658495205,0.461251574804446,0.950000045158566,0.168708450278786,-0.19724435651294,-0.0482145552419946,-0.65
-0.118662129803558,-0.110512503407554,-0.108555102554038,-0.202951571184419,0.559658843463215,1,1,-0.107129983304648,-0.103753525912892,-0.649999998020966
-0.214305509679212,-0.406097767658896,-0.302111972660798,-0.178305722604137,0.484294400769619,1,0.799997988539243,-0.0665755800965007,0,-0.65
-0.555844998941322,-0.257194056642897,-0.520690266492597,-0.551107600060139,0.872832163645,1,0.250035150738387,-0.4,0,-0.561325497417582
-0.220894726543835,-0.187255317251728,-0.232633597943459,-0.16819376568494,0.503679890478144,1,0.380262852574351,-0.214279496648491,-0.12863158750435,-0.65
-0.320187195701752,-0.16481971988532,-0.450664457802479,-0.131377040724904,0.45,1,0.449999990519918,-0.0779552765828609,-0.334272640151171,-0.33761573256378
-0.253037515312268,-0.15661548307099,-0.183210382265115,-0.320367278838346,0.613044271328795,1,0.100000000299901,-0.39999995044039,-0.199093687873047,-0.54111350154401
-0.192938688986113,-0.260594825457058,-0.22727420885273,-0.252028627822462,0.527413255053659,1,0.499999959526006,0,-0.162650885063896,-0.65
-0.235864139871849,-0.167858890266579,-0.287433294973797,-0.237608125562676,0.580859127228419,0.94276692436857,0.157233160241573,-0.16665278751228,-0.39274128767139,-0.443392093344024
-0.239178960725852,-0.216465042553389,-0.246558161155795,-0.213678342476783,0.538035818941449,0.999999999999994,0.999999999999995,-0.300197819690308,-0.288779859654141,-0.47118438080441
-0.277445765324332,-0.182516264713504,-0.228096656713266,-0.258080683071242,0.525402422021284,1,0.199999786737881,-0.306032759711638,-0.1511369336348,-0.475467051822854
-0.156566409174123,-0.1,-0.146700473381759,-0.152193932211821,0.479365102181735,0.849999977632717,0.200000046781206,-0.197796210676196,-0.139574340351393,-0.65
-0.25483516278124,-0.289009395799865,-0.323262210629522,-0.192576930645,0.4646630046835,0.612213603163577,0.637786425539815,-0.246369213006024,-0.197685181294813,-0.65
-0.344655173638237,-0.122847480804657,-0.304845682493718,-0.19533433938754,0.81704482344669,1,0.199999179636128,-0.0506613830247596,-0.276332266704587,-0.359846491241009
-0.121801182107773,-0.100180958460422,-0.130423629658794,-0.102384782080315,0.483929034948105,1,0.150000365154442,-0.0249519759535639,0,-0.65
-0.544369862854965,-0.190274276874189,-0.408564119880386,-0.261859830976225,0.534043011368891,1,0.50000007272384,-0.4,-0.4,-0.399685633982803
-0.181010727114758,-0.133782674652646,-0.231954294519977,-0.1,0.45,0.981904800483507,0.977129013910674,-0.0911352149174479,-0.106245505457057,-0.65
-0.12405140760339,-0.14172313302964,-0.100000000003196,-0.189676734950085,0.997790206295835,1,1,-0.325689388637704,-0.399999999974841,-0.389562035190721
-0.154127223882057,-0.20791423960932,-0.132924634877164,-0.341888271361633,0.577274563429068,1,0.200000238992279,-0.0321975117499277,-0.0602308750155905,-0.65
-0.269357717940894,-0.255826628010729,-0.36432156715074,-0.199093907179142,0.491972524273011,1,0.600000022500813,-0.197830177934662,-0.191797963961873,-0.65
-0.162217835220317,-0.124346134827755,-0.140109298968817,-0.253235753755407,0.518572572234836,0.943071875883026,0.106928088708977,-0.058007941464782,-0.0531494771683925,-0.636443286265084
-0.148139231440753,-0.17214346112974,-0.122604493338478,-0.487830996967215,1,1,0.999990343680874,0,-0.0404167555174341,-0.621504563832316
-0.247912242786715,-0.1,-0.188803439379969,-0.28768657295923,0.45,1,0.400000076802405,-0.335041686572776,-0.146657676957172,-0.65
-0.276720699196489,-0.158534972231288,-0.204908905615798,-0.316783374293797,1,1,0.799999230401464,-0.0884881166018923,-0.0857050419904459,-0.464825670376609
-0.255206420235515,-0.13309159073688,-0.225499109135853,-0.221331625951845,0.572557815838899,0.850000177926645,0.161857250931748,-0.0366874752054968,-0.0262277482952141,-0.65
-0.113388468421095,-0.156292414757744,-0.1,-0.145159396718913,0.554853146836372,1,0.149999996288689,-0.136756714926338,-0.0607642463225493,-0.65
-0.456471924073115,-0.252016303248792,-0.321845985672396,-0.494988428762179,1,0.981295521545708,0.983609532220405,0,-0.0155852774834249,-0.552936346271994
-0.215482976260499,-0.21556882885832,-0.209230690132399,-0.356334227007285,0.585316203289372,0.999999999998919,0.100000000002393,-0.132067798560626,-0.11327183933698,-0.640860846954391
-0.344110031653668,-0.286551463477462,-0.388168431853575,-0.264582252310607,0.52194813828429,0.641927230987717,1,-0.0321147757727728,-0.131842645582676,-0.510692951180062
-0.162115176051711,-0.119119675378028,-0.119510397446101,-0.192346103237814,0.45,1,0.149999974427438,-0.0707300161635742,-0.0375219368597678,-0.65
-0.401788260059098,-0.201756345665739,-0.333324838266826,-0.314354621367225,0.487758793740887,1,0.556582234836513,-0.4,-0.320464278850621,-0.65
-0.277310410640728,-0.144417569414619,-0.284395071824656,-0.252266494462873,0.608854433778185,0.900000039738606,0.1,-0.138689288664336,-0.149336976189576,-0.47380885763184
-0.239764822455173,-0.263825278746881,-0.244991754128962,-0.227236157120626,0.467615249271752,1,0.949999987528798,-0.10834149260215,-0.331490300222068,-0.65
-0.181979565374765,-0.248109046011294,-0.200258368959488,-0.214929427712746,0.468357303929748,0.950000013958257,0.800000041048652,-0.14338670059808,-0.117138736551032,-0.65
-0.181915705657987,-0.130104757720697,-0.188538391348455,-0.1,0.456043374553704,1,0.14999985778845,-0.194231207283655,-0.136169932906344,-0.65
-0.295519062218736,-0.192185488790911,-0.316260096720387,-0.204408048575142,0.492129748769109,1,0.599999985838305,-0.382957012649482,-0.180106088815207,-0.65
-0.151543603620116,-0.13600093956384,-0.157383349229607,-0.100000778521018,0.505598508974666,1,0.100000005959795,-0.0857770519920452,-0.0584897350405793,-0.65
-0.134099972997844,-0.370701228745967,-0.180349831761963,-0.132527576537127,0.527916267633369,0.799999988455153,0.349999346990058,-0.275098018178715,-0.225391994528395,-0.65
-0.321887096263316,-0.166282174097,-0.274244909864607,-0.325025779600945,0.532958870356301,1,0.799999947486599,-0.4,-0.377104171687114,-0.65
-0.198420757825459,-0.1,-0.216592279357502,-0.1,0.45,1,0.249999988104681,-0.0732909993338277,0,-0.65
-0.113923929930495,-0.113420491580162,-0.1,-0.22696236833457,1,1,0.149998698684711,-0.371299684664585,-0.4,-0.409686397430779
-0.338921744636809,-0.110859109725485,-0.227706879746107,-0.238923850228141,0.624108962760799,1,0.250000071675177,-0.322329179335681,-0.4,-0.41277741993968
-0.171628929973814,-0.176572590230804,-0.17317828027949,-0.193423489346556,0.507612981240503,0.850000002398806,0.1,-0.029848336287241,-0.11425244141391,-0.65
-0.164235154692462,-0.154536535743004,-0.186700629554189,-0.150554645298519,0.500089964613253,1,0.500000041021444,-0.364850756490138,-0.389432816770988,-0.65
-0.185098126078967,-0.241953790649552,-0.218185387720008,-0.236485823867306,0.541424614955359,0.999338757924618,0.100661123705232,-0.0662272843573063,-0.0754405081757197,-0.605967431920658
-0.194748498605926,-0.173674743367466,-0.193495609996546,-0.251444338994101,0.476015485103333,1,0.249999553426764,-0.192427643469602,-0.295566505489574,-0.65
-0.148008868343649,-0.158680704414591,-0.130860500078896,-0.188468589648599,0.45,1,0.200000007664238,-0.245838368555501,-0.103084180597262,-0.65
-0.182614579236217,-0.184955523973171,-0.255262225935004,-0.1,0.512999556341966,1,0.150000355705317,-0.017353494717121,-0.0648496264432167,-0.65
-0.342440096781221,-0.197544178874746,-0.39090995890241,-0.248020423408553,1,1,0.980761170881457,-0.4,-0.38023624285023,-0.39566376317764
-0.314982781892694,-0.21433432668697,-0.295780567613599,-0.286470774514068,0.626634216438758,0.987011543288995,0.212990532748176,-0.238840869030334,-0.213134221507513,-0.43595352603832
-0.204258722514755,-0.24548292188718,-0.30933215135469,-0.138245809409529,1,0.950000013088068,0.1,-0.181993863472132,-0.0938938087929997,-0.418394781263457
-0.148140487607392,-0.139263533486635,-0.148403573631997,-0.150727723359709,0.569131522689541,0.799999988807668,0.1,-0.18423187604467,-0.128740525060316,-0.65
-0.158290706384812,-0.131609213342861,-0.1,-0.341052417756431,1,1,0.974890613196653,-0.080884562427881,-0.0106891983210139,-0.475097936327166
-0.21299247556568,-0.214790136021523,-0.34416250992718,-0.106876069421327,0.67083081712256,1,0.1,-0.200126182671173,-0.150730880350464,-0.54975541044347
-0.350286317023073,-0.208218558044226,-0.439829877567737,-0.182060534512598,0.509569492746267,1,0.700003559431969,-0.290969381293248,-0.000372916717100303,-0.65
-0.169172355111073,-0.159573357936296,-0.167078738465844,-0.173346832180458,0.45,0.938633731492816,0.111366253717604,-0.0892987396349636,-0.030078668811286,-0.65
-0.251978148601689,-0.207366312312447,-0.19873825412436,-0.234076542046709,0.475852589626379,1,0.450000410097132,-0.189118842157966,-0.200304129071211,-0.65
-0.320663615785176,-0.184177713675828,-0.289828649335483,-0.260532687775342,0.597778884212935,1,0.633073167769056,-0.4,-0.321266364335755,-0.417623623266376
-0.162809062110034,-0.192263329010808,-0.138628511595904,-0.381910325761355,0.999999886492265,1,1,-0.0300652805583486,-6.26531589377162e-07,-0.511586869320398
-0.16222261194348,-0.158409418868859,-0.151708294485539,-0.135125447289894,0.481003423555583,0.900000045079104,0.200000982744232,-0.0651212647875613,-0.0231581093476539,-0.65
-0.202862881461901,-0.143224161404594,-0.192604500913496,-0.150179381958201,0.533095121400406,0.749999764871328,0.1,-0.0892038569520466,-0.0276886818793358,-0.65
-0.126184424154966,-0.207255862555337,-0.1,-0.382384517797181,1,1,0.983569171027769,-0.00756765941380856,0,-0.52708992734908
-0.325998635146131,-0.254457483394187,-0.325367333249587,-0.203992172590526,0.544614549469098,0.550000021777724,0.999999871671756,-0.0375471178927789,-0.0367783250864998,-0.65
-0.236242716817185,-0.202870212688504,-0.26680767288628,-0.162072297975088,0.507392646849047,1,0.400000206684832,0,-0.00561275758091501,-0.65
-0.318331438759749,-0.125036618811614,-0.338566321866281,-0.1,0.45,1,0.399999967602231,-0.337035772815924,0,-0.361348703457228
-0.237545866077791,-0.201944782632558,-0.250385240977832,-0.237709967672883,0.456586530995365,1,0.249999979983419,-0.0878026257166564,-0.105120347214042,-0.65
-0.279045501355598,-0.185889077544399,-0.282644592220564,-0.218606490922321,0.52973818538413,1,0.449999941642527,-0.0875669584760384,-0.163486445551235,-0.65
-0.530059452328858,-0.387617402024362,-1,-0.695262692574305,0.981970566145699,0.997665444031568,1,0,-0.00218895369183984,-0.65
-0.317438491874451,-0.214148589616447,-0.448104844025997,-0.182447273373984,0.527508447466551,1,0.269031724023551,-0.267933052986756,-0.376333895504171,-0.350448607205711
-0.105860548589079,-0.1,-0.109808004494653,-0.1,0.45,1,0.299999949945496,-0.091794352437271,-0.0817665933331209,-0.385202661959615
-0.125927586168478,-0.150604713296797,-0.157681515615869,-0.140585565954705,0.478497774909087,0.999999999999998,0.100000000000005,-0.0645319981547268,-0.0547261975738282,-0.649999999535033
-0.201030438084867,-0.188269822232574,-0.178354423673192,-0.238718607279867,0.535111080417476,0.999999999894422,0.999999994025727,-0.350410510620263,-0.362607737549086,-0.649999387543537
-0.233975620775679,-0.135770897266807,-0.252088263405914,-0.150710487901554,0.509385018227303,1,0.600000023354604,-0.102496888570154,-0.187255799941918,-0.65
-0.155013988298415,-0.147931670749687,-0.115577884270807,-0.208969922893115,0.488719513005859,0.999998634181627,0.100001321387969,-0.278923287813093,-0.219447374539984,-0.65
-0.271235759552735,-0.203137151169484,-0.258437173899154,-0.437351269455737,0.674458717576561,1,0.149999742246048,-0.150944193907024,-0.198016822459739,-0.597608727778944
-0.23425025437523,-0.393793664292023,-0.347434650956843,-0.150450971212073,0.48639454736397,0.999999999240338,0.999999999779459,-0.159374746739221,-0.164513117067021,-0.649999994679459
-0.165642374489829,-0.242738834572831,-0.178806106877239,-0.197782588005742,0.45,0.599999998921431,1,-0.172067627323297,-0.209770178011308,-0.65
-0.264468806764617,-0.260997830591866,-0.276678529539992,-0.261926349211757,0.516470832788963,1,0.949999953405933,-0.233145911042286,-0.23346418858779,-0.65
-0.21843069882683,-0.20178443616791,-0.205072880227814,-0.249954733029184,0.524192691582658,1,0.649999969396801,-0.17902038045962,-0.173476654137857,-0.65
-0.339526331904464,-0.534133890874787,-0.96580842168008,-0.1,0.636398290432175,0.34999999881894,1,-0.196841223591814,0,-0.65
-0.30480612370244,-0.279132930627185,-0.28195026486047,-0.467819491488756,0.695948955016126,0.660395833766188,0.367936822810315,-0.267983599689665,-0.215932581114081,-0.65
-0.234931513056726,-0.307338947873017,-0.429794600403921,-0.145919005462104,0.497033155135178,1,0.529399507553626,-0.0610666478127488,-0.0457345227462551,-0.65
-0.369936427947785,-0.185173380702589,-0.395526370606667,-0.224030562790297,0.475707822123999,1,0.349997309256373,-0.399199073156575,-0.286754673250093,-0.407959659569292
-0.116964656639431,-0.148271515626572,-0.152269669715167,-0.124313553551818,0.492269005683078,0.800000347407252,0.349999672584719,-0.344636479515078,-0.349095900855623,-0.65
-0.24029776843033,-0.428758701765378,-0.262065688316763,-0.437462428007303,1,0.320104904738537,0.32989422134195,-0.0995786253047982,-0.0427536218340065,-0.518547527976931
-0.324551381037794,-0.255094191980878,-0.569731888060694,-0.1369994195705,0.618435936146092,0.999999999725512,0.999999999948399,-0.245454086239983,-0.147005270195573,-0.64999997779232
-0.265794045928587,-0.10548074482217,-0.219420946998217,-0.144693292838036,0.4820750978561,1,0.299999975176124,-0.11027020127855,-0.0314481747173498,-0.65
-0.192186012325578,-0.142371463597313,-0.180762684673968,-0.25706457725258,0.45,1,0.299999816222913,-0.0722690024917294,-0.0539028078529446,-0.65
-0.211421165535743,-0.192834039857961,-0.276161474793079,-0.141651943014508,0.512092418172715,0.900000043989628,0.89999991056424,-0.12459598338767,-0.0353899607809815,-0.65
-0.326551168823626,-0.107285038672099,-0.246448324368845,-0.454716800734333,0.809706642973064,1,0.100000057478791,0,-0.12299677491199,-0.65
-0.30196196553291,-0.255869294943282,-0.479284186545722,-0.120774146783575,0.537490815818797,0.900000001269298,0.299999947144112,-0.0268229847173911,-0.00579276659908376,-0.65
-0.154168422995727,-0.157331067929143,-0.168784294140998,-0.153981830747,0.475717657692098,0.924250396537274,0.175749604303598,-0.169405181796849,-0.215933352550152,-0.65
-0.32127848952315,-0.316822478256318,-0.378000065280463,-0.235047837355184,0.494325954485741,1,0.99911629679921,-0.0852226507621032,0,-0.556346907456514
-0.194431506154396,-0.211780827352352,-0.190565487803987,-0.265542048424762,0.530865061712133,1,0.500185276241311,-0.35456352455128,-0.369325387876629,-0.65
-0.324848249134057,-0.229958433891115,-0.31810916930211,-0.34588674933879,0.605182496687159,1,0.549998176527625,-0.198691876705684,-0.144522638052159,-0.488202242754794
-0.172185809684296,-0.25431420381354,-0.227290213230686,-0.132448978470089,0.490999518372966,0.899999955729302,0.299999514773173,-0.170485361252318,-0.164256851750399,-0.65
-0.307142018944259,-0.211699443506602,-0.29913694773512,-0.285737724660578,0.54044087152792,0.950002646415943,0.703325459137379,-0.0819086123150501,-0.234330327237123,-0.65
-0.153222537822426,-0.144781977723893,-0.11981668074534,-0.254909807727302,0.516300370595817,0.900000011288142,0.1,-0.142884390571609,-0.189013373696559,-0.65
-0.157735592412909,-0.15711790799638,-0.190426818440032,-0.148142106852304,0.466612394813408,0.900000121144491,0.1,-0.0207276512170024,-0.0108127458546678,-0.65
-0.21441360608773,-0.1,-0.175294822853315,-0.1,0.45,1,0.305501452611881,-0.147495242512722,-0.063902752521186,-0.65
-0.253444987449475,-0.260552351205922,-0.217434702574844,-0.415815101734815,1,0.849943308706585,1,-0.000277877920661327,0,-0.524472453958971
-0.277814619868463,-0.253545573084144,-0.312320370855015,-0.216275456900663,0.508907075104751,0.849999945303706,0.549999020735508,-0.210618894366967,-0.278557768430494,-0.65
-0.341038499416831,-0.189483867696005,-0.265430532720151,-0.277886134597503,0.696939515119091,1,0.100000000000616,-0.158218270890628,-0.169814700803141,-0.418711981542908
-0.175151245535405,-0.207054012669014,-0.216303696333343,-0.142496598584592,0.478881061714638,0.950252387845429,0.300345447968688,-0.160950920724582,-0.133576219905918,-0.604411704559083
-0.183221535335594,-0.153891238775523,-0.165208634621489,-0.298141801952723,0.564005945056729,1,0.199999797815665,-0.109315851524266,-0.189643969233052,-0.65
-0.115126867620613,-0.289635430454629,-0.179727221737922,-0.1,0.505138076023763,0.674332041474129,0.625667807327551,-0.322672805045786,-0.291559114816858,-0.553031695841804
-0.198448806211488,-0.171251773443596,-0.16296882455174,-0.515895848149874,0.844300353307908,1,0.250041851872096,-0.165357567428609,-0.0746725563238179,-0.65
-0.143971623265006,-0.190230463549129,-0.179211112245312,-0.146486401484236,0.490844079066882,0.999999981254134,0.1,-0.142788933348263,-0.137706370962208,-0.649999963542032
-0.173971084721437,-0.196726347046623,-0.19871478202611,-0.172238230345021,0.495994331908991,0.899999989693384,0.850000478539644,-0.322316853584101,-0.280582041696709,-0.65
-0.207409306811329,-0.268022247469277,-0.336215971174919,-0.115660909244858,0.603000962468919,0.500000468259757,0.750013728024003,-0.329620603667826,-0.242925753973543,-0.65
-0.265369225204423,-0.217079225077314,-0.303178907067128,-0.205274898473065,0.450417459651358,1,0.899999970466274,-0.0345103850777551,0,-0.65
-0.562937494964409,-0.254266333973779,-0.833720216622427,-0.319803331033969,1,0.978325361373221,1,0,-0.4,-0.387310656431428
-0.28903377837629,-0.358325437368413,-0.634222890661564,-0.101570873516036,1,1,0.599999956446105,-0.0461310487838527,-0.0616689728717269,-0.65
-0.141856551586469,-0.169134434622813,-0.160620231736197,-0.13540652886024,0.463263608650413,1,0.450000016313447,-0.0258861060486001,-0.0157192596309714,-0.65
-0.294512074506055,-0.216795262279875,-0.336775780501396,-0.122816476223083,0.45,1,0.29466635480025,-0.22135399619606,-0.0903675438277058,-0.65
-0.271218320339762,-0.181750150794832,-0.347653228127708,-0.163879250234303,0.497661929404429,0.90688055019448,0.493120014891476,-0.377630952015532,-0.174970366701613,-0.65
-0.275598968363503,-0.240243966136983,-0.472079435451342,-0.242840212866317,0.722086516926611,1,0.450012440592781,-0.244480180161486,-0.0648102046822585,-0.327204159142303
-0.433446207773006,-0.194765948454173,-0.35630754353614,-0.310375031510825,0.724982438507658,1,0.250001189958112,-0.193109592982618,-0.293032495058296,-0.446030980227734
-0.198250221101965,-0.1,-0.153071877069058,-0.193396672061745,0.493275258574692,0.883144679251944,0.116855338662104,-0.0767618759047592,-0.0659476671559074,-0.65
-0.185066219975094,-0.239735890805713,-0.245030746663315,-0.100860392598817,0.453083281997839,0.950000297604016,0.353009174026914,-0.164582066253158,-0.221400087907522,-0.469070514459639
-0.272719777233266,-0.185117893898942,-0.229742033822496,-0.326795489782268,0.557851565883366,1,0.350000068309032,-0.30892784196355,-0.385735988819027,-0.65
-0.216472889952059,-0.180471733654416,-0.271418918427792,-0.18263232444957,0.522897184105135,0.800000081504197,0.199999858102606,0,-0.0519404095770646,-0.65
-0.1,-0.349053263202649,-0.178860071063059,-0.125145487210948,0.501914199005246,0.949999989211936,0.123334942670028,-0.308806977743347,-0.340755718042307,-0.65
-0.1,-0.1,-0.100459471416191,-0.119859342599507,0.45,0.999999905400726,0.1,-0.385626682926741,-0.345720256775151,-0.462053244575543
-0.176018300000465,-0.165984180087654,-0.151624538376707,-0.19906753648226,0.489844143408054,1,0.349999997519467,-0.166522353289115,-0.0849336520534757,-0.65
-0.298838644822592,-0.161382106759573,-0.206881831999867,-0.490499127074001,1,0.982370879012173,1,-0.240400013534125,-0.143897035849112,-0.65
-0.236298831205317,-0.189520470648579,-0.272761613458508,-0.183378117412379,0.531773939424885,1,0.849999932479271,-0.274405240590937,-0.264693213597398,-0.65
-0.290398859352999,-0.210869023003905,-0.361705248168172,-0.221516005041794,0.540979047075458,1,0.349999972502214,-0.243515888109728,-0.0732838613515155,-0.400357118384111
-0.23063378142783,-0.285450552557815,-0.26182067604953,-0.248565457255759,0.834079539614918,0.915593346544808,0.5844038618062,-0.170986177535888,-0.0396502881752195,-0.357869368618292
-0.694635900723426,-0.372440561303118,-0.90240884247687,-0.633896129558797,0.982229298163253,1,1,-0.199687043802099,-0.000605274721421044,-0.589536350483154
-0.294787198758759,-0.1,-0.171837339200043,-0.267904432701827,0.45,1,0.144840788468368,-0.117967516849744,-0.10253451193192,-0.550739927007386
-0.31320630081209,-0.243183862701434,-0.345574717677867,-0.200145583567905,0.570119121893094,1,0.60000013410759,-0.4,-0.392633618099995,-0.54914191118095
-0.188009163981085,-0.233605344683773,-0.17446065936203,-0.223475996317121,0.510896831968432,0.999999993299397,0.1,-0.316284056778871,-0.268324325548234,-0.51313287402496
-0.175772962888431,-0.14348021225527,-0.182345881473273,-0.199091046010695,0.516315677758652,1,0.350000163043436,-0.221254232172878,-0.303159669659711,-0.645090409185374
-0.293509733260205,-0.172537449840516,-0.272611580895355,-0.198469972044809,0.490330427499565,0.949999883760388,0.850139515309104,-0.36792368971301,-0.109308621216487,-0.65
-0.126606875205428,-0.346356443322066,-0.236288628789171,-0.103979691436766,0.57633432203866,0.699999966082569,0.300000010394746,-0.103995084657322,-0.140807135432833,-0.65
-0.316298468516695,-0.284726768312891,-0.466504789470168,-0.185316003671195,0.567365543257713,0.965018164082208,0.634981846803703,-0.142747749460124,-0.128630450370736,-0.65
-0.261056052807237,-0.256136886881912,-0.333443380427112,-0.235908643443178,1,1,0.749999380336845,-0.100423249183767,-0.364201089600271,-0.35753519600758
-0.322666179107394,-0.175671799447163,-0.373475864702397,-0.114412497967982,0.45,0.94999999822245,0.339991122879058,-0.216755082660886,-0.0284816500195069,-0.65
-0.22717547385689,-0.176807152456925,-0.229337917966713,-0.208459946153877,1,1,0.875861891731763,-0.4,-0.15745317837526,-0.351148042170362
-0.207395078183575,-0.109741952936735,-0.224589030187226,-0.136104678024569,0.560177806331062,0.950000062256291,0.1,-0.114240167707073,-0.0811657442839584,-0.524291241093526
-0.237067829050529,-0.208441125220451,-0.236736713214928,-0.214426476559798,0.517811576078629,1,0.500000031910965,-0.161073749423033,-0.0486060945796455,-0.65
-0.279354422364661,-0.24021077451802,-0.262217396283569,-0.155589590311818,0.48404784659534,0.849999995188258,0.950000022265517,-0.0932331065523844,0,-0.65
-0.232096492457272,-0.163109385291781,-0.280541813120637,-0.132094675205197,0.459708182509843,1,0.100000118574235,-0.27203595636972,-0.238575490042773,-0.449028254324525
-0.36151933871038,-0.349940266268991,-0.385076167029143,-0.336470916718863,0.59858699372223,1,0.999883974464282,0,-0.187169505446405,-0.486888719964147
-1,-0.116304323225763,-0.269347139606129,-0.221584891534943,0.494419011442613,1,0.651402780460601,-0.314642506377539,-0.121158602032764,-0.492952373785448
-0.140090972863871,-0.1,-0.128037190942685,-0.216924711740485,0.500890536916797,1,0.100000038535607,-0.347570503738013,-0.273206678463456,-0.65
-0.288405043479528,-0.238274722218918,-0.272809554947425,-0.279055777719311,0.521130044810049,1,0.660596860013654,-0.163789113974811,-0.13147758997486,-0.65
-0.271632540629833,-0.170397147042146,-0.22861537261865,-0.21873124541012,0.62272377072632,0.499999095318385,0.1,-0.0990118034383283,-0.0834468028087121,-0.65
-0.150571409150704,-0.128218060726722,-0.137639443318064,-0.142693701933579,0.54974756099346,1,0.200000000167654,-0.13741044035067,-0.135934298624309,-0.65
-0.636291956321714,-0.1,-0.761307358222891,-0.343686012454351,0.497180429953015,1,0.516618031947791,0,0,-0.390338410273935
-0.203828007993606,-0.143731245863626,-0.186676679100064,-0.211265823511093,0.607713886798363,1,0.300000014681856,-0.174000132724381,-0.0745322941433827,-0.65
-0.178658046821673,-0.2265306697301,-0.166955003051711,-0.336977569735946,0.657623628804071,1,0.100000000008467,-0.230932974146432,-0.115329503379918,-0.503596920334454
-0.264799539534132,-0.30166725878956,-0.581806205701315,-0.1,1,1,0.401243753895328,-0.103289416331269,-0.0738243178249571,-0.610859741226197
-0.23454454114037,-0.14346295572017,-0.206467513925309,-0.139828302239171,0.480228185814346,1,0.249999995166849,-0.0120909439155992,-0.00750637470271662,-0.65
-0.285484540824034,-0.170621112862293,-0.25244990222778,-0.307988738444221,0.588058390136319,0.899999630523847,0.1,-0.4,-0.255246975959346,-0.51055552825368
-0.224573510659561,-0.1,-0.17181864371492,-0.193611569676129,0.45,1,0.366307502697874,-0.356790739371648,-0.378145356371516,-0.65
-0.193634819435711,-0.173371544029885,-0.190077530290979,-0.150161848876658,0.529599198802149,1,0.500000016364707,-0.126698775171672,-0.0655990869608971,-0.65
-0.19551399827549,-0.225259253956316,-0.286318113885463,-0.101927387324421,0.561308168820884,1,0.101057205933318,-0.14228294283934,-0.0201423097945952,-0.479982908833351
-0.139752925748187,-0.352373406033801,-0.17691672743837,-0.223804382934008,0.473214901351841,0.950000051817106,0.999999905862377,-0.197921150151458,-0.168892468445882,-0.65
-0.184238820498972,-0.138093148264971,-0.176598239012887,-0.174660728723888,0.587506011699038,0.899999991345296,0.299999947135033,-0.109417624244104,-0.0652953334899024,-0.65
-0.268195342767409,-0.242309034491115,-0.317439911053604,-0.247536535682263,1,1,0.300000079977311,-0.140684530544498,-0.246499584313253,-0.365112876621794
-0.32058446637053,-0.198636418006642,-0.360483901910825,-0.17863636124965,0.532417535514364,0.999999965220561,0.1,0,-0.13352330148906,-0.39779792831612
-0.228842239235829,-0.369578457061109,-0.285920275915119,-0.140180665443129,0.538791376970258,1,0.999999999999999,-0.261086028113279,-0.213912492659636,-0.649999986563418
-0.273484484586179,-0.257002275797193,-0.439468566365133,-0.1,0.514904438430648,0.973589539510048,0.62641065973314,-0.167948325159395,-0.0716341674108568,-0.619385860775701
-0.291939804374933,-0.295298453400941,-0.310348539839499,-0.311857480143343,0.635323839089367,0.84999987031387,0.1,-0.4,-0.34391005824444,-0.446966807615076
-0.221439603986442,-0.269571149740656,-0.259863622535659,-0.205163103091338,0.507886811296375,0.900000321881278,0.599995674969926,-0.136156858898524,-0.0333269158385805,-0.65
-0.195793115723944,-0.123426941479533,-0.167114437912116,-0.247920071361741,1,1,0.799999545857526,-0.259015932154164,-0.4,-0.425619943417712
-0.248272878836587,-0.187485842540068,-0.211034165255029,-0.202925877372096,0.511452503943325,0.850000101411121,0.399999952472407,-0.190737163808296,0,-0.65
-0.138431013700911,-0.163944138016683,-0.136705962607983,-0.190507464554177,0.520886603206677,0.949999995992904,0.199999983748702,-0.193745465460861,-0.115871079276252,-0.65
-0.416745882707364,-0.247387569781997,-0.395957460793046,-0.288035160332725,0.542188873638176,1,0.94999995261044,-0.0492573338281932,-0.140622866143914,-0.65
-0.198056814619523,-0.140924179393862,-0.176204809668344,-0.303003806949167,0.582054300932112,1,0.499999878896454,-0.309389869858698,-0.324304639534139,-0.65
-0.117222912351261,-0.434721389178872,-0.193497192499824,-0.129876336719229,0.500385235712386,0.2,0.649999885438671,-0.0779274652172881,-0.071100330462514,-0.65
-0.356654286872518,-0.195428505197624,-0.304477143642598,-0.247391250322211,0.522804954039145,0.965937925155456,0.684062250933851,-0.186928895413972,-0.283141658058414,-0.65
-0.345912033380101,-0.182350593720164,-0.341150824362548,-0.255746232950266,0.592881803999831,1,0.399999992191507,-0.168175803211085,-0.178784831005033,-0.603243469778548
-0.230979259755807,-0.224949217974118,-0.208586980680056,-0.218776286725168,0.528483346886808,0.949999993831232,0.350000020820609,-0.0451145849627102,-0.0741331123850636,-0.65
-0.177086646261872,-0.185354494419262,-0.200170006287742,-0.170382042774779,0.518230912068308,0.896884080289426,0.1,-0.216838549063867,-0.318361089364712,-0.530896869521369
-0.384324645873038,-0.297763255932887,-0.433799192520577,-0.274194138606016,0.558862557384993,1,0.899999968169449,-0.149668018870398,-0.0906205591642944,-0.65
-0.297781901866567,-0.178108925289633,-0.272133373663927,-0.233939333478148,0.45,1,0.360904835504817,-0.267936125595014,-0.0523182283426446,-0.65
-0.230959643910402,-0.180539534932089,-0.389867454227207,-0.1,0.45,0.92125142273141,0.328746282688983,0,-0.0342523261015947,-0.37497865276111
-0.262018514660864,-0.205348970716816,-0.311032993130088,-0.212448553008528,1,1,0.149999812157574,-0.354775541567862,-0.134139263409282,-0.361401125773413
-0.133837564777027,-0.161919924122131,-0.157729868338608,-0.178071261714423,0.497472819590751,0.850000536953174,0.199999343646617,-0.325200620014691,-0.383235266404298,-0.65
-0.339577939278596,-0.244828598427984,-0.575375375842447,-0.116357684306042,0.653431902631466,0.894690130500931,0.669020279647999,-0.175774010182705,-0.247321094927799,-0.65
-0.309051589985867,-0.277425575680924,-0.377270207944346,-0.209478753705837,0.514625667296086,0.849999409885004,0.601826630227966,-0.179475637846177,-0.0366930053371916,-0.65
-0.377318762773253,-0.339416773478273,-0.398345032336382,-0.278421337758287,1,0.750001237781889,0.1,-0.265228673115421,0,-0.360314454891569
-0.284422839218329,-0.105755867528778,-0.194675293771241,-0.259581273655693,0.490650661664571,1,0.79999993727442,-0.388180405442589,-0.4,-0.65
-0.119105924579832,-0.345153836627076,-0.195005143392287,-0.191478999434497,0.492052851525814,0.300093658743399,0.999906209481671,-0.116270967923439,-0.116431810465016,-0.65
-0.202135324838351,-0.113202318574246,-0.174043758475754,-0.168603014414383,0.45,1,0.149999974463037,-0.157049637347711,-0.129481865867722,-0.65
-0.296083488058063,-0.201191026938776,-0.336649547982917,-0.575226738314904,0.79294330742083,1,0.212205195584055,0,0,-0.65
-0.196479639209015,-0.174249638712931,-0.159521738737125,-0.297968947735749,0.532151527501232,1,0.800000466987749,-0.258305981888102,-0.24405331678003,-0.65
-0.150414647070161,-0.127252245190188,-0.129045505120891,-0.301283541847599,1,1,0.349999870790733,-0.371456726296961,-0.397329182887864,-0.473895604439948
-0.107396414276972,-0.264190977638869,-0.152972233080957,-0.15382662347791,0.997342504533008,0.700005060664837,0.349990777364917,-0.367294798424984,-0.35394559126011,-0.355376525879224
-0.278745126730751,-0.190794566989402,-0.253228877400886,-0.251199793154753,0.45,1,0.650000152382312,-0.258479569715985,-0.107719101860112,-0.65
-0.381816959883596,-0.122561495183864,-0.281383665421655,-0.520055505028938,0.722634388344275,1,0.450000037972905,-0.128296596020361,0,-0.65
-0.156641037702744,-0.361047439096553,-0.218225001590756,-0.189678409214763,0.515524100431997,0.999999853041431,0.1,-0.254760924369038,-0.325583064519776,-0.618674194698395
-0.233741701262818,-0.137548726656613,-0.155765415824669,-0.26294227336557,0.476269261677034,1,0.119012939236973,-0.267589297796489,-0.164714287470411,-0.65
-0.329644529799828,-0.263978463645389,-0.2941043525724,-0.558631540410042,0.968048338936207,1,0.14880771122567,-0.237636540996604,-0.200720170097992,-0.65
-0.348781741605076,-0.249121395868706,-0.410850040282701,-0.230145706822462,0.691557848005759,1,0.399996045904727,-0.173482599525624,-0.0699359043891389,-0.456842846461236
-0.342375967533909,-0.379401613819234,-0.817062358770004,-0.254892334371601,1,0.787097264570332,0.862916296091854,0,-0.4,-0.326668777233067
-0.256094400779387,-0.181209408161531,-0.271011968034063,-0.184166706834515,0.55802703525891,0.849999966571331,0.799999749413904,-0.386680138807897,-0.299805745102906,-0.65
-0.236342722354277,-0.184937606839723,-0.254766430643416,-0.180024555913719,0.619051623437703,0.85000008020394,0.160302497205205,-0.121177656568308,-0.025261904875723,-0.631780369345281
-0.121880949835225,-0.159761712489696,-0.108483129349944,-0.18117830782289,1,1,0.89999998562451,-0.387009825916399,-0.346651540873717,-0.375092830046149
-0.312708090421323,-0.244571622970014,-0.36516971040434,-0.260470283649548,0.530263479766262,0.900000316085046,0.649999707980092,-0.223685299711572,-0.0906928750718542,-0.65
-0.286870620981491,-0.131657687820612,-0.372378114354023,-0.100939903927096,0.45,1,0.278256504652951,-0.286349588406205,-0.0950997930814559,-0.65
-0.332017814388211,-0.209096591915885,-0.331600354010036,-0.292526382087428,0.537474308575287,0.850000036674593,1,-0.308643275383686,0,-0.65
-0.218822519421466,-0.369531643788426,-0.357672755277827,-0.1,0.532974447675609,0.950000014985486,0.599999961435677,-0.251042194312979,-0.153519803116109,-0.612220588476317
-0.271273570866821,-0.207109033000111,-0.292748778737462,-0.190353908409144,0.956774722437033,0.94496072420593,0.155038706071556,-0.230038372186505,-0.151237814404635,-0.428933498592806
-0.168902722013106,-0.178079563607685,-0.140200055121462,-0.19118222977293,0.49867781349523,1,0.200000004413477,-0.0787878462099133,-0.117218732437374,-0.65
-0.268541127015885,-0.242051022372121,-0.257933058565763,-0.249143360332904,0.532574359548838,1,0.250000112382683,-0.36775559933023,-0.246168934986502,-0.65
-0.15573474544737,-0.244288148018002,-0.153461790404149,-0.320105159693258,0.595796315823682,0.85000040486833,0.10011439901697,-0.372906653375465,-0.264683567814479,-0.64705668686449
