0.0285225114062991,0.0874153734099686,0.0144433401937006,0.196689840095569,0.99710059492491,0.449999967201128,1,0.888045857419258,0.985411218615788,0.00150343919297757
0.0871680495830868,0.268941421369995,0.16830930554063,0.0498361102598603,0.989013057369407,0.478043268375776,0.121955739840753,1,0.918988784730537,0.00483510785834773
0.034211842054385,0.125365439686162,0.014286039022459,0.115410159917175,0.993676850191819,0.531487497827928,0.141331526064156,0.761190719963235,0.670320046035639,0.0301947552334261
0.00574629976891992,0.194909460073775,0.0761097090417787,0.0234092584102507,0.992414891689182,0.550000023866772,0.634579392801214,1,0.670320046035639,0.00150343919297757
0.0621771210533662,0.0816467377973532,0.0549517410216077,0.147867096703163,0.996111217644413,0.510315201274096,0.289684813687508,0.789437772797789,0.934348006845579,0.00150343919297757
0.174162807432794,0.213345039487156,0.216802509113141,0.226712518328051,0.991144309243218,0.550000074100146,0.199999867042084,0.934668767206344,0.986472152894698,0.00150343919297757
0.0949117153774808,0.12404513158791,0.106453107620871,0.108907439526093,0.994701528005384,0.500000059259451,0.1,0.70461198986658,0.782209875945771,0.00302099163869986
0.0803699858130632,0.171979198384447,0.0791744028706839,0.268941421369995,0.989013057369407,0.649999981612841,0.40000030742978,0.68194279764626,0.758932699888184,0.0153089864691978
0.0398246677687874,0.0757530791505304,0.0365443119078536,0.0344750288361657,0.996269034306358,0.450000174280576,0.464680176006357,0.974090234444867,0.837542403880306,0.00150343919297757
0.229124655569268,0.168646258187501,0.223849388767002,0.268941421369995,0.989013057369407,0.350001392934579,0.249998639921572,0.670320046035639,0.710071790924098,0.0118186608396319
0.031359811382415,0.109025941613938,0.020184335295287,0.144382481198036,0.996523424883826,0.850000004476641,0.1,0.891089641801203,0.838025136117132,0.0406239349182954
0.203845779336938,0.144175365554195,0.177291758958144,0.256794955842612,0.990361922821345,0.849999985103575,0.25000001316228,0.679023282493814,0.79179410969679,0.00150343919297757
0.0280854246888947,0.148591077312242,0.00839242368452522,0.243134018280082,0.999954602131298,0.740261415341561,0.272828669608045,0.750493107505195,0.773239858664702,0.0450905433197862
0.218604215482972,0.138302731507189,0.225580498369324,0.171805093230095,0.989799136832603,0.722712040328277,0.277287971133976,0.837443319749399,0.761516954769045,0.00150343919297757
0.0246854208915251,0.122558489938886,0.0181744426856315,0.087829351669975,0.999954602131298,0.700004065042972,0.1,0.952790163363866,1,0.0396188388955943
0.0502976239507755,0.118812326572294,0.051875467877186,0.154870683635141,0.992141033964969,0.730880764351275,0.719124311847769,0.825515254844283,1,0.00150343919297757
0.0764398015992521,0.0761816908718997,0.0582467096627288,0.154882944312234,0.994516974968767,0.428682970038454,0.171317057168198,0.828621032642534,0.890327860503329,0.00150343919297757
0.0274097351089201,0.168915123465084,0.0164626188500205,0.173260959982178,0.991348785588878,0.862752586413421,0.437247394726931,0.895892775755471,1,0.0254883817748697
0.0308866272496246,0.0504084739070144,0.0275045521946675,0.0780136843216667,0.994480975207672,0.400000155713863,0.594100980111221,0.905247267717551,0.997170427000967,0.00150343919297757
0.10794122778843,0.0783048607418068,0.0606687949679403,0.228310511520308,0.994483985935088,0.449999063583301,0.400000987237359,0.984599407049413,0.997198426671875,0.00150343919297757
0.0416110740909942,0.109063090385583,0.0822025790481592,0.00765010048316798,0.999954602131298,1,0.991555611106096,1,0.942774301223354,0.00289777219848122
0.20258916859452,0.199367006392362,0.197245533354636,0.268941421369995,0.989035700669742,0.740657508144575,0.109342489203397,0.711373217731138,0.810452310631875,0.00225286366504605
0.0495877543493331,0.0951157725032562,0.0747453928231475,0.0788444488064066,0.996510826999276,1,0.992021404272083,1,0.90776717000914,0.00150343919297757
0.109124375214912,0.119410358424387,0.0940609945349056,0.136692096116733,0.992593388986966,0.550000026311339,0.137289319294692,0.880799199236647,0.801730484856941,0.00150343919297757
0.0583100854603711,0.0954118954820196,0.0242669013185837,0.116914332010971,0.997403243936981,0.433326604706748,0.1,0.792484340035315,0.832013856142746,0.0161515303447531
0.175251065220237,0.115275231302385,0.144115679008193,0.17422107249787,0.989628742479968,0.350000018474573,0.150774663174716,0.763169452410479,0.710898831085308,0.00150343919297757
0.161973819517819,0.134746413066328,0.161261596193548,0.142565132309854,0.991851725117497,0.732171439448692,0.117828523026001,0.858617031405119,0.817726637927015,0.00153081739504226
0.0303170619158875,0.0871969542863877,0.0300666401572171,0.073997278811186,0.997831561322717,0.744416866396404,0.1,0.726210699638054,0.775562858401685,0.0208516653092656
0.0752554732958507,0.120113646094981,0.0708941846340224,0.0863509594476323,0.994996243779808,0.57074948940582,0.12925043641467,0.748791180963863,0.81164364640907,0.0128909148881665
0.0715559804439929,0.0981562924939006,0.0701544837572939,0.098162525076376,0.994831215387808,0.499999960614522,0.250000016417165,0.922457512550169,0.935363041617222,0.00150343919297757
0.0472010448996388,0.117879427011299,0.0413703712289258,0.090202222542619,0.999954602131298,0.799999970675603,0.1,0.851610184484931,0.681429304293666,0.0281738908633944
0.0367173422205221,0.0793460691230696,0.0385189348361374,0.108253129095491,0.993859497059752,0.98370399462977,0.565869409760942,0.789990689184589,0.759911063832421,0.00250245529871588
0.268941421369995,0.141460226026662,0.252736197917852,0.236609469775492,0.992985628688177,0.5000000190473,0.1,0.914501293498293,0.868934551281431,0.00150344006727803
0.175097116918254,0.162002918836466,0.210572985983091,0.122577058424161,0.991284361209378,0.50000628672849,0.249993665330825,0.935598904646478,0.858346412110449,0.00150343919297757
0.139891520966146,0.125163259800208,0.114595119912107,0.194302260377185,0.989638569317566,0.43517862030574,0.114821371963514,1,0.990786952058976,0.00150343919297757
0.126764434079646,0.137256196537909,0.064256385810261,0.268941421369995,0.989013057369407,0.499999981478214,0.250000097204254,0.708571784794681,0.774844561494817,0.00371802318110278
0.00440721919536603,0.0498255282505985,0.0010137649686075,0.051195254839779,0.999954602131298,0.237423949058974,1,0.897372512525591,0.670320046035639,0.0195331711556165
0.0219365098045459,0.0983735582605242,0.049224888412158,0.00581113127437793,0.999091101561303,0.668129461233453,0.493370723942918,0.902210326492571,1,0.00150343919297757
0.0721182585393277,0.126649321068971,0.040056815866241,0.256843540670416,0.989013057369407,0.449999991931958,0.232098908279899,0.880108029288795,0.972881294772147,0.00150343919297757
0.21928785849619,0.156963408308778,0.201045774486195,0.226735667548168,0.98943169698471,0.399999999717716,0.599999967463754,0.835765250844605,0.903799983643066,0.00150343919297757
0.0401757071385789,0.0740074868509721,0.0506786675268595,0.0244831850292121,0.996746059953163,0.795739313992101,0.482899453559309,0.932568071110765,0.932990236761388,0.00150343919297757
0.123723518575235,0.205734410959145,0.145318345064599,0.0540156841309462,0.989013057369407,0.500000072348139,0.170888819878304,0.952439266147352,0.91689312531517,0.00150343919297757
0.157769445113943,0.210897820764709,0.174763120372646,0.165690849089182,0.992562939212692,0.750000090891202,0.350014825895312,0.793801432484452,0.856612249640922,0.00150343919297757
0.0018692526084696,0.0437939311577088,0.00179006939251308,0.0241535259842971,0.999409692239735,1,1,0.714621932181958,0.950549500568948,0.0164187050849801
0.0394124909716828,0.0703270980080926,0.048482983735793,0.0556471778127502,0.995279965914575,1,0.993583555111278,0.699123083065694,0.67312962052784,0.00150343919297757
0.0602936871206918,0.106212951705556,0.0877355585818811,0.106586948492202,0.989013057369407,0.50000007066769,0.399997442339927,0.880331819455391,0.981294504068281,0.00150343919297757
0.00439243001908205,0.144385620769351,0.00796375543653071,0.0943543639406564,0.999954602131298,0.549999540064508,0.535919083644697,0.88288227979421,0.670320046035639,0.0482851718579063
0.0404770348775273,0.120352077880362,0.0759798616593393,0.0786559232677136,0.991087294762175,0.519517286019571,0.63048323311817,0.872935282579265,0.928580061738941,0.00150343919297757
0.216640705389979,0.139353055149891,0.193551704028448,0.177689068950389,0.991588369779407,0.650000067475368,0.449999939912916,0.791171511493151,0.86611891155488,0.00150343919297757
0.0277220672824524,0.125928685020482,0.0489381324344252,0.00819851533552709,0.999954602131298,0.650002134909531,1,0.721743314352585,0.968606369453351,0.00432201866176927
0.0299366280994848,0.073307829675427,0.0400086618423456,0.00933467604974217,0.999954602131298,0.573445315490707,0.144587835534061,0.943359794664604,0.9609889686303,0.00493937167408742
0.0323536582541338,0.0999425291415427,0.0625985524336409,0.0884333519671717,0.994005878613327,0.414434206292199,0.785565737648719,0.670320046035639,0.839593713679212,0.00284958735869704
0.182942396864018,0.139094613060475,0.17371234892443,0.172671838506059,0.992746416304526,0.599999754729558,0.1,0.868890255013893,0.866359760829166,0.00188207880495058
0.048014208967982,0.125345812484591,0.0400494955600695,0.190968517414149,0.989640997976365,0.550000002773322,0.499999991321408,1,0.943294203645455,0.00150343919297757
0.0708141395619643,0.111113474894688,0.0636010474892626,0.169754377322616,0.989472559302536,0.74999978265603,0.500000221626501,0.846326995293597,0.903804827653463,0.00150343919297757
0.0233320404036362,0.0981527576462758,0.0400777461163817,0.00679664764575488,0.999376150800053,0.650368749672917,0.184788943687917,0.743676035948392,1,0.00315215842204515
0.129043284054099,0.0982065743471047,0.0965709583895664,0.140279895937107,0.996390245126925,0.299998930998827,0.350001219788938,0.830172594243244,0.946426933510158,0.00150343919297757
0.0487639077614272,0.100312459507498,0.105841716752405,0.0133241110826374,0.997273196365085,0.674564225287045,0.625435987847182,0.670320046035639,0.893823100478208,0.00150343919297757
0.00451041910217736,0.0591384797952569,0.00634270320618268,0.0120495428639827,0.998927875058568,0.801076888313449,0.1,0.670320046035639,1,0.00946357611813778
0.0807374069114794,0.119021780416125,0.0258432077495607,0.268941421369995,0.996624957474378,0.425613949083952,0.1,0.778451495717595,0.940119742666972,0.0105501798612474
0.164222908179862,0.176735535054737,0.174541475803287,0.121539228783268,0.993923954717822,0.749999970432171,1,0.670320046035639,0.735649459139993,0.00150343919297757
0.147039843359735,0.126839220790399,0.122579313436298,0.126349140855522,0.993919747604235,0.599999982043841,0.249999314339902,0.690232441079249,0.717784815783546,0.00150343919297757
0.196175473618922,0.100306524861799,0.150155993813502,0.094149979785484,0.989013057369407,0.555199961206364,0.1,0.806304903414413,0.828482919171124,0.0032907795121735
0.1279516296185,0.104553341772116,0.112185165811133,0.160675807775674,0.993473170210291,0.600000017620472,0.1,0.755236678490225,0.869436042876686,0.00303916939129163
0.015748101654708,0.0567061601171491,0.00403592095402018,0.0524670805343194,0.999954602131298,0.668532380969677,1,0.774222918279941,0.768851269557464,0.0235133979475336
0.116910058919965,0.0640122039592505,0.0827011649197834,0.107359985269573,0.995797251183321,0.287419521236382,0.1125804866465,0.757299537133068,0.801501881226172,0.00150343919297757
0.0408636220007423,0.120324221699514,0.00010121972031425,0.00235481168813667,0.99871651189077,0.750070842649572,0.1,0.921963286069955,0.997589432005189,0.00150343919297757
0.0355139162298356,0.195601112538654,4.53978687024344e-05,0.268941421369995,0.999954602131298,0.850000030031626,0.432496159382351,0.670320046035639,0.670320046035639,0.0308275391406457
0.0257445777577745,0.0708677277807228,0.0228552490897636,0.0468520025015809,0.997270341511135,0.625416247045523,0.438533078134679,0.779479337816299,0.835277043140422,0.0148617539206637
0.0429943640374758,0.21575612003213,0.117456496638841,0.0138634395051383,0.997222200136063,0.65070077281997,0.149299525255559,1,0.931487618279573,0.00150343919297757
0.0817161442103977,0.169833123971622,0.0975160930672569,0.0997390510605628,0.993722992017267,0.548042942003222,0.101956319446627,0.728948027317134,0.924320935071381,0.0105533786333809
0.00790755341383384,0.0319219930864704,4.53978687024344e-05,0.000955090776684548,0.999954602131298,0.223338566278577,1,0.858788413107394,0.996478366381118,0.00150343919297757
0.114601614650544,0.144085687278684,0.153948702014716,0.0411701807231079,0.995616501928594,0.500000028881574,0.1,0.944062767177948,0.925388985458889,0.00150343919297757
0.108289929576463,0.0959931555606404,0.149399144360415,0.0131211796453475,0.999954602131298,0.492297967970208,1,0.982520636855023,0.97185150171554,0.00388535789937326
0.113965109785796,0.136495972389315,0.146778387122415,0.0570369762747569,0.991468036146159,0.537660262216431,0.236192854468288,0.788347747770943,0.83353870087076,0.00150343919297757
0.0364405167142122,0.0678900537351595,0.0318556448758044,0.0791113006014543,0.996549047146306,0.2,0.750000313002789,0.7318548509715,0.750619888636626,0.00150343919297757
0.0787030053787672,0.108567950234577,0.0776620176757846,0.129185557778226,0.989013057369407,0.750000012309729,0.102067769202747,0.781708788510835,0.839096269917189,0.0121527627915291
0.110202184871784,0.261115535088819,0.0849698722576564,0.140960483974271,0.999899580462742,0.450001606873884,0.1,0.826388886820484,0.936352983575716,0.0428416908975339
0.0527273410379118,0.112730362324138,0.0495723644461377,0.122364500314166,0.991326731370392,1,0.950000046030079,0.909026602948895,0.880119042840078,0.00150343919297757
0.0427011309286056,0.140425062847027,0.00794711639275752,0.123989140378357,0.999954602131298,0.550001898251258,0.1,0.909777801862489,0.983202999674911,0.0334756476543335
0.0772352535335433,0.163687942511663,0.123783252892993,0.0356851435948859,0.993906262911024,0.48960848945032,0.1,0.755102560812744,0.882717871228708,0.00395278012841521
0.249577770757954,0.115495140289196,0.237068022861634,0.157362212165872,0.989013057369407,0.450000025819723,0.199999943950213,1,0.937662781433537,0.00150343919297757
0.0686714606703246,0.100321779139822,0.0677851601147481,0.0890957082586179,0.992941647541487,0.540942447488689,0.209058037293505,0.89002537651413,0.913020136280177,0.00750921659476539
0.0926286411115777,0.164604697268742,0.0404890265103731,0.268941421369995,0.990235406064582,0.799999764178902,0.699516163090082,0.880239536937365,0.868854890081164,0.00150343919297757
0.102913977854584,0.164260020814348,0.0318805170410073,0.268941421369995,0.994136271104732,0.600000029367721,0.131323787623518,0.803325107710633,0.807679731558556,0.0183522009988708
0.099503906452022,0.147637827389839,0.118718557027323,0.127276303525097,0.991383694363535,0.399999964981295,0.950000032089025,0.97012158508778,0.986837757736684,0.00150343919297757
0.0614995865236521,0.0812759816261271,0.0499167741770559,0.130039109170857,0.994179608366694,0.350000001598842,0.650000013088355,1,0.947646341333627,0.00150343919297757
0.127701499492653,0.0861467038662566,0.109232406123344,0.158330058941622,0.991947587436412,0.511325786457808,0.139641463212552,0.925677946312194,0.961259575340835,0.00150343919297757
0.051302052318789,0.174135554446681,0.111745655136033,0.00907102031143533,0.998734046129968,0.754688799007886,0.1,1,1,0.00150343919297757
0.130184934244675,0.109326400077479,0.148485104034336,0.10205442659569,0.991899826793882,0.599999975593905,0.299999978866941,0.911386256432789,1,0.00150343919297757
0.0593060144451187,0.0923309776905252,0.0772259824284864,0.0174409261112171,0.998317126604797,0.61935333196015,0.230647466109524,0.875991656764129,0.843905485434787,0.00241935725240768
0.0344394628084205,0.0731678840229421,0.00513131750119469,0.255082104811497,0.999329270262574,0.887388581876223,0.603397057782054,0.715743050801184,0.747681381835783,0.00391802951294683
0.210002233335202,0.120642622684637,0.180087602730662,0.17861263816514,0.991551992077186,0.449999997353374,0.1999999972559,0.879220559135078,0.901059108666682,0.00150343919297757
0.114550086930062,0.139755268675089,0.0776744444426639,0.152947228749467,0.996742724667887,0.681163652101277,0.1,0.693371892728079,0.670320046035639,0.0260212108715798
0.0799713202961838,0.110499699891016,0.0281886087738577,0.180858002023217,0.998111674887558,0.406511272697097,0.1,0.875832964150593,0.984464835040216,0.00351592733736394
0.00719133070833949,0.0451291986983756,4.53978687024344e-05,0.00390149406453982,0.999953801508357,0.84991407128124,0.250083497114617,0.997414146628884,0.999608347295842,0.00596428337641596
0.195940124324965,0.108202799386845,0.18963323967721,0.105508369693933,0.994528881148532,0.549999891519011,0.1,0.818518215797189,0.908164889670338,0.00150343919297757
0.0567780476364646,0.0650886865897299,0.0761117790248065,0.0393066891638995,0.995368097547093,0.381860646869827,0.968139142630746,0.780004940755746,0.858321008798095,0.00150343919297757
0.0150830996974135,0.0821188138114412,0.0258974453412741,0.086849734698333,0.997908588935758,0.629998887541922,0.392366526991162,0.670320046035639,0.795061294998323,0.0275060202339682
0.148389752711919,0.126006886014876,0.156533849181359,0.142948684521076,0.992780392226982,0.500000097545,0.299899800273749,0.839648940656863,0.911552223123488,0.00150343919297757
0.0859472259654808,0.0806161156004339,0.0733271605045216,0.142347359999521,0.993571921395027,0.599999970785179,1,0.895450515058671,0.875447682016606,0.00150343919297757
0.0507391732937628,0.157176662627915,0.0114017771241752,0.268941421369995,0.989013057369407,0.699999988497132,0.146007165316841,1,0.775768410854698,0.0365559422861064
0.051308463275585,0.0929843446501097,0.0635061954015898,0.0567687789882613,0.996071558997381,0.499999194307655,0.343697589705573,0.882832087255956,0.907730316944635,0.00150343919297757
0.0337573332966171,0.0710957455535265,0.0352836518236287,0.0883778854812143,0.993259197521183,0.70000008517224,0.949999873660796,0.708719431947035,0.83360315341282,0.00150343919297757
0.0522031632690159,0.104903920248529,0.0350143240081825,0.145545214820532,0.990529125743506,0.649169389057378,0.374045421080305,0.81428460327522,0.918325672913583,0.00150343919297757
0.108386400012888,0.170341573838847,0.0875143965514597,0.147464384401554,0.990902047205299,0.750000050500078,0.1,0.791281709061907,0.750418095757899,0.0157373904231303
0.210028230618192,0.132005999144385,0.205733267270118,0.126171603020305,0.993402654168652,0.400000027411946,0.299999501972778,0.683457899569009,0.723078837570372,0.00150343919297757
0.0537136620296054,0.0644425502230046,0.0405858215725845,0.0909137514056144,0.993443368197421,0.400000027635749,0.562362507227504,0.794931281547078,0.829981991972255,0.00150343919297757
0.0683923556254178,0.100226824881884,0.0843960769672263,0.110937463014107,0.994472379622755,0.499999976718606,1,0.79198372883,0.942780834288586,0.00150343919297757
0.120163539649324,0.135911298457593,0.0692073368929015,0.268941421369995,0.989013057369407,0.599791918272185,0.350208025870009,0.815951269837728,0.854585419073276,0.00464993462680659
0.0830791578482516,0.131460323063445,0.0863165129458277,0.0735275022372504,0.994354891405551,0.647208626867745,0.138730584946691,0.735940428429938,0.772292780980192,0.00378225877698553
0.0281198103579086,0.0949220239806896,0.0449424536610221,0.0778195354274567,0.997823388527341,0.575867923600072,0.224128998114772,0.691717351903197,0.670320046035639,0.0171280341030691
0.0386119777545032,0.109209479389995,0.020347738778893,0.171776878402445,0.999954602131298,0.794367178988481,0.155632610728814,0.808540020467679,0.702261638387372,0.0420572508447752
0.121130396813094,0.220106009526439,0.216803013307776,0.0358686146406471,0.996345005649505,0.500000071373342,0.1,0.717323826005739,0.817617484238975,0.00238955010940941
0.100535622542536,0.107329983598389,0.0472299735308758,0.264458805756784,0.998891435350259,0.649998710311504,0.1,0.913390110778435,0.876912398372656,0.00150343919297757
0.0218988576590081,0.0871765357513192,0.0300416874609781,0.041596920934762,0.995400998930926,0.449999944467288,0.707896209528791,0.829233585327405,0.976411423392479,0.00150343919297757
0.0600209745371072,0.103998626227473,0.04742604867655,0.0921600082979678,0.993869500658926,0.899999724623039,1,0.939286885397684,0.910735681642116,0.00150343919297757
0.19865961609225,0.268941421369995,0.242156150072069,0.268941421369995,0.989013057369407,0.699999788300983,0.149999896596256,0.852320947101443,0.88223667262637,0.011803189072537
0.046689684723241,0.0828816111686579,0.0507414238453133,0.0907276059375818,0.992544821382779,0.450000178754941,0.550000120219641,0.83119201677102,0.870726890222798,0.00150343919297757
0.232860011090418,0.162501793512878,0.247599378601603,0.212822120598345,0.993742419348404,0.849999998096976,1,0.93988786469759,0.966457637704506,0.00150343919297757
0.0422073295394162,0.0622863683613918,0.0597791083816505,0.0397003414342364,0.996050097007508,0.400000177575825,0.849999798581079,0.868801963247353,0.888214953319338,0.00150343919297757
0.0523387590015397,0.0999583267216865,0.062372908062157,0.145794374797874,0.990632582594578,0.600000348057924,0.499863889706248,0.727700935467452,0.794781916680818,0.00150343919297757
0.133406660114255,0.0724667473392775,0.116406563010969,0.110282658058845,0.993685533025193,0.450000010785696,0.1,0.831111109180632,0.863114809093193,0.00210635243712883
0.0949582984266769,0.22016016574822,0.166041985756337,0.0496703833113098,0.989013057369407,0.600000023264247,0.11384807238472,1,0.870501087244921,0.00206699989860457
0.0268532092239944,0.0571783164035028,0.0475555352878618,0.0044615187156805,0.999608267128807,0.429596503634257,0.470785591372713,0.980739757190225,0.964704739186572,0.00150343919297757
0.177124612029755,0.12843986156064,0.125984297627919,0.268941421369995,0.994997460363149,0.599999902758881,1,0.873869055844607,0.875968167775681,0.00150343919297757
0.103464233192702,0.0737761829644065,0.0454009073805883,0.156482198354023,0.996376081947262,0.800000062064513,0.108717206022748,0.842444201155657,0.821363901473567,0.00504103047448929
0.0165869526615418,0.150870489680951,0.00293701985612139,0.268941421369995,0.999954602131298,0.536274529401067,0.384059968252216,0.781705552728003,0.870917588390646,0.0307097373715414
0.0631302715641548,0.119640499552781,0.0917380393829306,0.0847286422925218,0.989013057369407,0.550000316295829,0.600020605724095,1,0.970251313557062,0.00150343919297757
0.105626644137494,0.0955248550621804,0.112377587798538,0.0913904370605469,0.990436023395215,0.483179031157314,0.166820956026215,0.745388494796285,0.835794031477579,0.00558806544664093
0.0776332920606843,0.104953008793357,0.0322541529258212,0.252614564356093,0.992950891015829,0.550000389780688,0.299998972692017,1,0.934426260401672,0.00150343919297757
0.0529017450440364,0.134361159351199,0.0320772213388577,0.17675248234916,0.990002395997139,0.550000186955569,0.450329263435214,0.757607146932463,0.823056991214484,0.00150343919297757
0.0632445642365149,0.215203842204618,0.0450118979605432,0.268941421369995,0.989013057369407,0.665816946431471,0.795531721050657,0.681198666070319,0.670320046035639,0.0305200324761637
0.033554199585064,0.0630944800418396,0.0636287077758246,0.0194849038398635,0.997696517772323,0.64108642977591,0.400034907545236,0.76809848617572,0.932759513047915,0.00150343919297757
0.0617600762208041,0.268941421369995,0.022033108295903,0.107674279391191,0.989013057369407,0.625990222170915,0.139398753002047,0.730351085018341,0.705154726829216,0.02400336163556
0.0588868241301712,0.100475932505958,0.0143644386761782,0.208583167209648,0.989354221323651,0.90000003242537,0.85008998997127,0.745474740842952,0.863996349644129,0.00150343919297757
0.0648893298209982,0.0837933434087513,0.0606258201171191,0.141513931087732,0.994581065807398,0.300000193152855,0.176786922653328,1,0.968101499937386,0.00150343919297757
0.114839462951447,0.199558113345797,0.127471961598289,0.221529390158944,0.989013057369407,0.619202926912735,0.230796691518716,0.775670200779525,0.795697611431401,0.0251413398168789
0.152009280476853,0.125832596139819,0.136750516090324,0.169146927594064,0.991247753089837,0.50000015081616,0.31293743162668,0.881444236821276,0.959965818676972,0.00150343919297757
0.135345471783455,0.139183166133729,0.133638528200967,0.0445532790710704,0.996204011561969,0.760647514533358,0.1,0.946440803295425,0.939940193020915,0.00150343919297757
0.0768000328338915,0.140329261265511,0.0859577651073428,0.0924023082176317,0.989418074431128,0.422711172797985,0.477288830486406,0.916553207054366,0.943895375719351,0.00150343919297757
0.115786782507946,0.134251917923155,0.105419194886018,0.124172948879509,0.994524708417535,0.55000077148462,0.899999210540094,0.877449882663093,0.904611833613113,0.00150343919297757
0.0455058618064969,0.120277377003135,0.0237637193981551,0.0755625858538521,0.991710033613168,0.64999998045226,0.176497303727664,0.887076301204098,0.983810687804655,0.0170344407698028
0.208616859306949,0.131049343114064,0.175549949716542,0.162544859160942,0.992833192389501,0.449999992085075,0.1,0.722647394776482,0.705938804067089,0.00150343919297757
0.0684502452309451,0.114294051730351,0.0427508820404573,0.150935190342838,0.999954602131298,0.468057390753493,0.381942877176318,0.670320046035639,0.671198263323217,0.0355165202884963
0.0939538090977394,0.0744216256866532,0.0848245370217287,0.0841400303259798,0.997614759245486,0.299197374283198,0.101161547097632,0.962626725427454,0.927479504112479,0.00965565269759566
4.53978687024344e-05,0.0391351051142052,4.53978687024344e-05,0.000979823264062058,0.999954602131298,0.669028223455098,1,0.932623400146449,0.999189878896815,0.00156407833111923
0.0346371047200161,0.218222792038633,0.103071425905115,0.00828031524636702,0.998371616334669,0.650000684752159,0.112414338312524,0.837389767955173,0.98689255306193,0.00150343919297757
0.205287122294831,0.095631986065092,0.182976154069484,0.165691189108114,0.993623324295259,0.697766622230087,0.1,0.815239001320981,0.86367578976734,0.00150343919297757
0.0681343799437337,0.0690497418251605,0.0700273965869456,0.016846873641695,0.99805687201812,0.550004521004191,0.135989271507549,0.992307913354235,0.981434401199936,0.00150343919297757
0.225132605932246,0.113717264840406,0.214284704156623,0.109426479014541,0.991128382338858,0.700000015690243,0.1,0.855558911215924,0.893323578212173,0.00150343919297757
0.0695863787836105,0.137030440320719,0.0765383812482284,0.052799859465548,0.99565675680925,0.498452252183504,0.109499564101177,0.670320046035639,0.782249935911756,0.00403266024802987
0.0367518783145043,0.159643792275094,0.014886107034293,0.136695037226887,0.999954602131298,0.450000073720526,0.1,0.670320046035639,0.914313045097078,0.0467401172839266
0.0941613247517642,0.113140853223056,0.113034156200745,0.0367936496991526,0.996391710051305,0.568718503093725,0.185582155745304,0.767533098800154,0.863605092599173,0.00150343919297757
0.117647877376926,0.0956021870692078,0.122815051434681,0.110282683736434,0.994360225220142,0.399999987096064,0.154203414438526,0.897444318668159,0.909385911963621,0.00150343919297757
0.0451346226973614,0.242130855886345,0.0315222337967011,0.268941421369995,0.993175462589914,0.752056561181568,0.321452525053053,0.840371040173454,0.963817249884846,0.0344351031029238
0.129189658331408,0.239211659037729,0.185754350993672,0.236882544492186,0.989013057369407,0.700000028171962,0.1,1,0.885353362952266,0.0197340844953563
0.0258150359655773,0.0633548649593343,0.0305753863853738,0.0634627491176915,0.994910606874518,0.800000078077197,0.949999593745943,1,1,0.00150343919297757
0.0854731624339536,0.157289184498255,0.110496952453516,0.0497616514991219,0.994325824487508,0.574860849375162,0.1,0.68893355469545,0.783719736689164,0.00170920791701278
0.0938372364036697,0.0463371443217977,0.0775009825176875,0.0623778258937821,0.994999792335325,0.250000005867562,0.225421489418987,0.94262104504599,0.917004552432761,0.00150343919297757
0.0366570552458144,0.0783653442252751,0.0621268765897282,0.0356452794571065,0.994755305364129,0.526386327841945,0.423613596318409,0.83997621934145,0.965871866431691,0.00164385278243644
0.234015995334661,0.186995416811822,0.268941421369995,0.139742248687593,0.991057836692222,0.388858187042922,0.311141833946368,0.670320046035639,0.698394227367556,0.00150343919297757
0.263577532369715,0.0990541214474033,0.268941421369995,0.0803218957385781,0.999954602131298,0.2,0.274366199786525,0.99690595013687,0.984644292917297,0.0224519405140013
0.0886879254117982,0.0916314812963921,0.0688784371930308,0.135225933182163,0.992362718474789,0.749999925814389,0.1,0.93016713425756,0.901808236841589,0.00742011297755047
0.121063961536581,0.0998756452605104,0.112059738725006,0.103603189107717,0.989013057369407,0.500000104469603,0.599999822113948,0.743697439805431,0.816903306540372,0.00150343919297757
0.0662602670885831,0.100893196134054,0.0697341836449145,0.0883027974576434,0.99434636249325,0.350000038998412,0.1,0.760074146841731,0.829715038684118,0.0080880603124625
0.213094666212344,0.122489208625906,0.13736119019633,0.268941421369995,0.989656620824624,0.60000022358706,0.149999271858183,0.710625120433537,0.759874559826926,0.00474177155365127
0.0953315032383154,0.110646189261075,0.144055493167352,0.0243042077887633,0.995920238892635,0.648946291235689,0.101054338364866,0.998341817895482,1,0.00150343919297757
0.063796879569142,0.141147896269117,0.0837522517130843,0.11892075916476,0.989013057369407,0.596961810015927,0.1,0.935353133433096,0.984133264622285,0.0071547121224587
0.0959085124234725,0.115000734800717,0.0977090250253582,0.0793586678734232,0.99014302868188,0.357317143553076,0.242682264860142,0.876234451615525,0.835220175326766,0.00222369449131014
0.0663729564827435,0.122775404556432,0.0410107577397142,0.268941421369995,0.994666590609889,0.24999970366266,0.166890063969977,0.954382563380135,1,0.00387865590570779
0.268941421369995,0.152921994375357,0.266500600502601,0.118685714027617,0.994441545619517,0.222155550846561,0.327844460513275,0.67222650786065,0.678130160247202,0.00690484639579289
0.0968075053028119,0.0733967600412899,0.0670800669435686,0.209106313323851,0.994485368790628,0.450000043593929,0.899999971541304,0.800605640704109,0.819332737778515,0.00150343919297757
0.0207280601906802,0.0679242209187142,0.0286717277173298,0.0702961172506564,0.999954602131298,0.399984685003665,0.859819222669193,0.746574070196851,0.750089633692902,0.026726622801337
0.061864826268117,0.176787041696748,0.0350574357453192,0.0975545626234113,0.996687410286542,0.599999993566322,0.1,1,0.912429674461156,0.0224866276996403
0.134267862053141,0.131868463094927,0.0819608278638016,0.225677419109998,0.990893078083707,0.799999968207508,0.249999873912072,0.750215023820574,0.788492998531562,0.00150343919297757
0.0144223855033867,0.0751684150887627,0.0024365470409366,0.260934173963625,0.998473309686939,0.899999958096296,1,0.759543934168217,0.993987916237417,0.00429044916938705
0.26884648898871,0.238143431554855,0.268773565386062,0.268941421369995,0.989013057369407,0.450000042712836,0.199970181982349,0.670320046035639,0.716209726568812,0.0092374753132317
0.081850634685637,0.115966713823094,0.0911505535420071,0.0368537528080971,0.995396331960168,0.650000039115489,1,0.692579467586695,0.707195749961388,0.00150343919297757
0.124441954201126,0.12276194903165,0.129082873668765,0.114412791702123,0.994265527228271,0.649999993493414,0.1,0.904788980733389,0.750523723283642,0.00150343919297757
0.0758486295970142,0.109132732256799,0.0717362341531464,0.0973451475289346,0.989013057369407,0.500000005486885,0.250478624732491,0.956773133211952,1,0.00150343919297757
0.0944464385984527,0.0975218965340683,0.0656913283608557,0.16154815124367,0.989217575541354,0.578118321977818,0.221784060292635,0.788273414493674,0.975370843909661,0.00150343919297757
0.168612367501779,0.147902128357618,0.176697191846842,0.136666364419546,0.991451807265855,0.678663031484331,0.321336954039992,0.806771135602757,0.748670976934341,0.00150343919297757
0.150489895957852,0.232205894769873,0.268941421369995,0.0859002115936072,0.989013057369407,0.520294444867048,0.279705415673601,0.837432401295844,0.992090677239583,0.00365167917818327
0.0155048543767732,0.0776663254052017,0.0169318894667663,0.00741785399139818,0.999954602131298,0.555806359432118,0.144220090975847,0.981114474021813,1,0.00603087502722253
0.241719941495298,0.174683183165736,0.268941421369995,0.0757609720806977,0.999954602131298,0.321271327431424,1,0.670320046035639,0.712713739345395,0.0147851973756185
0.0103029123790318,0.124977889424515,0.000570252641866806,0.00335386187848414,0.997886819936543,0.799934895048721,1,0.938104216659331,1,0.00150343919297757
0.0691976080276599,0.104622085163649,0.101831391500488,0.107305339606793,0.99327510639998,0.579836428792802,0.1,0.956900361910916,0.955195795296105,0.00697313080042607
0.037126920779822,0.217972875965857,0.00245205057475495,0.195483674506609,0.999954602131298,0.605025017851304,0.1,0.933045647078578,0.908650017233477,0.06404489586619
0.0607356668438705,0.115237325363665,0.0319933304834052,0.268941421369995,0.997121155850451,0.588110177878459,0.1,1,0.91787280542734,0.00556396736751105
0.0925999697335875,0.184576418007853,0.145543746639637,0.0212630162564746,0.997500698591364,0.592492799374283,0.1,0.705679062344196,0.863622239082624,0.00150343919297757
0.248772614254792,0.157080170128587,0.200532413896049,0.25375324601656,0.993342689721248,0.700000002048715,0.149999995486242,0.810938614942647,0.878816359804339,0.00150343919297757
0.0952247487338447,0.11523182590793,0.104811618047597,0.0740677448878722,0.991645632012604,0.550000015584575,0.178303491681737,0.836163359942184,0.860285044719745,0.00150343919297757
0.0176077214686166,0.0500200651235412,0.0103503910321441,0.0686127516530612,0.995691811684082,0.500000002120167,1,0.710883904987913,0.730039992798367,0.00150343919297757
0.0962857889335482,0.0657819080269725,0.0888893557451302,0.0989941708416966,0.999954602131298,0.449999993757713,0.1,0.849232188156343,0.83418933710713,0.0242731048539904
0.094299039335352,0.12093888317579,0.0589969049489217,0.217722161364611,0.995191952401006,0.632447818520033,0.117552302671539,0.896398449483917,0.861449896035906,0.00887843208922424
0.0426255577876781,0.138107327655422,0.0390497542619641,0.169307397239445,0.989790506577708,0.65000003896526,0.399054061522156,0.670320046035639,0.903048088166884,0.00150343919297757
0.134598047381785,0.151203933678546,0.165760743833841,0.0197455610708515,0.999954602131298,0.493171553694019,0.1,0.839482039630647,0.997760099723263,0.00656102025128549
0.0704523410341573,0.0843751327058189,0.0572750019502302,0.182296950169651,0.994332126321146,0.4000000329263,0.300001792959239,0.831919946265147,0.831505653282737,0.00150343919297757
0.211963779140216,0.230564105022666,0.249798782984854,0.268941421369995,0.989013057369407,0.550024529123255,0.149974738368263,0.819018950346432,0.863443581090536,0.0136239118762314
0.08033321209199,0.195836051668354,0.159800233976861,0.0754774969994697,0.989013057369407,0.459102659396048,0.290897319397551,0.932324048283746,0.943733651953248,0.00150343919297757
0.143185420384358,0.130494364085859,0.129768888690861,0.1414371759255,0.989013057369407,0.689098757780102,0.111134709546361,0.80972751023206,0.890060472053745,0.00150343919297757
0.183067124836185,0.160080790809621,0.181147374992828,0.102574501651618,0.993783874450008,0.650000015051463,0.1,0.867274577417661,0.952125153760895,0.00150343919297757
0.0480679603006728,0.0843557258571369,0.0582632544101683,0.113418006683843,0.995231913606798,0.500000558527348,0.699999686241105,0.949589031395855,0.963824573684557,0.00150343919297757
0.0420425627069746,0.182455464848244,0.0674581104354701,0.0293734527368353,0.989013057369407,0.603393404418304,0.552753152345092,0.987331445113255,0.673463805397879,0.00150343919297757
0.118794287945549,0.105599446502422,0.0804511698865012,0.183200106981787,0.992986407425262,0.600000005828246,0.449999878278718,1,1,0.00150343919297757
0.162228104786137,0.135016331834315,0.206177853533082,0.0722444938182757,0.993554773232812,0.700000002333349,0.1,0.914349930718798,0.910621627809749,0.00150343919297757
0.0373105084684484,0.152551785110694,0.0932946461750329,0.00919002770205963,0.998140053477315,0.650000091991944,0.158602523058765,0.771418635139365,0.906373867976762,0.00150343919297757
0.128493557479116,0.129679775358812,0.122208267845727,0.118499176947,0.992353595729703,0.579291608897205,0.420708357501352,0.999387217556558,1,0.00150343919297757
0.104201629252866,0.149121525451994,0.0787535229356607,0.187305417387357,0.997380628769061,0.699999839729043,0.249999655131536,0.670320046035639,0.761520384786334,0.00150343919297757
0.0771009680777515,0.111933466019285,0.0791635983333415,0.121538173401838,0.990090762424384,0.502871382021837,0.497128608324508,0.961698138192382,0.953254159761521,0.0142235671492863
0.034487169409835,0.0806367229075139,0.0316189729361951,0.113397738807058,0.999729993340955,0.384540391278233,0.1,0.933134592158783,0.875380502147877,0.0240160459137479
0.0466843586997218,0.186374853622873,0.00361007109110673,0.236210317002871,0.999954602131298,0.799999882157657,0.591590760333635,1,0.953822241503729,0.0446698391710852
0.0976373068884741,0.0910214035424774,0.0883658547823365,0.172959392397642,0.993443827300842,0.350000241156724,0.149999768220365,0.887165949271185,0.99790808977222,0.00150343919297757
0.215873998215278,0.128173122946303,0.159811697128106,0.268941421369995,0.989013057369407,0.643674876633123,0.106325104741729,0.871222557582579,0.912221203384346,0.00150343919297757
0.0299249555000795,0.0707809749297376,0.0326742163880009,0.114019908316187,0.990574131086615,0.300504783710656,0.69949521691957,0.925687486745679,0.974277179604384,0.00150343919297757
0.0311743398503648,0.0787975632565823,0.0604395320850036,0.020632468038059,0.997874670194353,0.215774449014845,0.356471760839573,1,0.903539684358237,0.00462505141879576
0.090833981616756,0.167555457916295,0.111066158698392,0.0850566498467799,0.989013057369407,0.599999987003283,0.350000022760986,0.798649210621853,0.838663183145698,0.00150343919297757
0.202938473178892,0.121968635044139,0.189303281553215,0.19120181874892,0.992267966088116,0.749999988625969,0.400000009333918,0.737687188773901,0.752074240227339,0.00150343919297757
0.0784026097525115,0.212280909133844,0.13273188239804,0.0388688168216637,0.992217179568236,0.700000190468547,0.102420078405633,0.701628814899374,1,0.00463812116792079
0.213625198206686,0.110969446383035,0.170821591905092,0.180631617713394,0.993302560001174,0.399999997096921,0.1,0.920004439690389,0.93194196942973,0.00150343919297757
0.0990800659034694,0.0856202664314162,0.114150566919674,0.10544305724826,0.989013057369407,0.320445249943493,0.679554791391358,0.948935363500197,0.946178273188072,0.00150343919297757
0.0539451010164086,0.169317971598437,0.0457760297072685,0.0519807200274539,0.989243360465298,0.599982603654354,0.348682038209069,0.77081615053095,1,0.00463198756715205
0.0166204819321679,0.0467368962638417,0.0338395546355804,0.00831503156896558,0.998493160946719,0.740171437959387,1,0.860002495573507,0.957241490970036,0.00150343919297757
0.212343730598619,0.170438883618884,0.229586680793617,0.193176296139247,0.989013057369407,0.581355248187698,0.318644580477186,0.691256715123669,0.728015588032836,0.00150343919297757
0.0510162673006634,0.0989042545309279,0.0328513037743103,0.150528311087229,0.989013057369407,0.450000293166571,0.399999719185736,1,0.995459729133678,0.00150343919297757
0.0658243698617495,0.170611716741753,0.0694536615972745,0.0141864611773211,0.996254400091031,0.479912237963796,0.282422756479186,1,1,0.00150343919297757
0.237522024701457,0.121995769548668,0.209967074483412,0.244664517588286,0.990047655909514,0.533606337202337,0.266393649065206,0.894800413291473,0.945901054467184,0.00150343919297757
0.0484960919949792,0.11752217589554,0.0774278268372151,0.0661627930598669,0.993119764166341,0.250377732026604,0.899622365051446,0.820790612622499,0.885384463542082,0.00150343919297757
0.0378008140161376,0.0740262915215584,0.0338964407792888,0.07986340322257,0.993132421562408,0.39999992184818,0.550000320741473,1,1,0.00150343919297757
0.0965286851895497,0.0803755444428781,0.0859657300654787,0.0648175615366156,0.99513419353213,0.799999709171802,0.1,0.706103552258362,0.780878076042932,0.00326795338969699
0.205962230281487,0.116421405571931,0.215477061396418,0.0983533968849685,0.993174629098364,0.499999986902862,0.1,0.903900062032217,0.915719388800808,0.00163782299526883
0.0753551796636763,0.104915288366199,0.0689968276138459,0.116438059903281,0.99532122326005,0.549999830265435,0.1,0.670320046035639,0.67216385103787,0.014906111352578
0.121296783551291,0.104983319618617,0.116592392210974,0.117503586861651,0.990678940474151,0.30000027239198,0.249999601404107,0.672361283446992,0.703331195722538,0.00150343919297757
0.175059570795594,0.0708020134606384,0.156798870964497,0.104261931778348,0.994649208999461,0.499999922273887,0.1,0.718315650871366,0.72508651998588,0.00150343919297757
0.068205720699111,0.192889787772202,0.111392822657667,0.0944836460977943,0.992168986964295,0.498373714022535,0.501626043193777,0.683051249912984,0.766088225155953,0.00150343919297757
0.13866703304449,0.0821494136316814,0.142085766653817,0.0979090394131125,0.992802989437775,0.549999922766384,0.1,0.710782942947327,0.748747765112073,0.00461016374869051
0.268941421369995,0.0888627148618035,0.209324557439236,0.178955063750853,0.999954602131298,0.377493628911707,0.622506246578657,0.73396789690662,0.691864614359638,0.028310674184487
0.202709449516836,0.137161065091325,0.150732959246784,0.246384888434285,0.994419627243384,0.499999980988531,0.1,0.94220531569051,0.994986802072253,0.00150343919297757
0.213175728780462,0.113505581986001,0.156545023730876,0.166045349326619,0.991448249975333,0.400000011421385,0.1,0.869949417047932,0.907943426051817,0.00150343919297757
0.0400753281869547,0.110413768808102,0.0548994967224914,0.0693948235277355,0.99596545929113,0.521078027446644,0.578921924872788,0.735359356829717,0.801258512888422,0.0119484451152478
0.0433779935429094,0.0635261922751828,0.0436983455558449,0.0659404064988628,0.999954602131298,0.416054242487326,0.638902838439929,0.814183996726303,0.844983472245712,0.0238252210577049
0.0576061067228487,0.172243493628512,0.0354506077774579,0.112849718293455,0.990551149811723,0.410900373658839,0.345185011284521,0.670320046035639,0.678878476392191,0.00695520899072339
0.0843861173238999,0.0927932418030708,0.0648944922633207,0.162604670551519,0.993307008089047,0.549998710591035,0.217647729367282,0.93887814084406,0.981406363942642,0.00150343919297757
0.0849581557568203,0.135141034665054,0.0319234488709768,0.244133528577259,0.991306809191131,0.500001109600118,0.394465021483225,0.970068128025712,0.807669073068501,0.00150343919297757
0.0883311842521377,0.16225858460476,0.0677890951892495,0.178436448096768,0.991543968096276,0.700000035335295,0.400000958138833,0.990563510942815,0.930896260587554,0.00150343919297757
0.129086800660994,0.0598307222528463,0.122736365166674,0.0167302080428873,0.998135680812914,0.650000456778373,0.1,0.921344339613649,0.967472215435106,0.00150343919297757
0.00266547025550382,0.040726157589153,4.53978687024344e-05,0.00130214173460771,0.99986247080623,0.784644435203669,0.1,0.670320046035639,1,0.00192218364786527
0.0321581216321401,0.106921548926997,0.00212993022295936,0.230078178727244,0.997015432840769,0.424365287676836,0.82555477385704,1,1,0.00853725368736988
0.233911026563261,0.114643522399917,0.183311887047932,0.213839022926111,0.994298270263511,0.700001349712916,0.599998238609068,1,1,0.00150343919297757
0.0880258310572947,0.106135862374946,0.113992133558583,0.0220783524350301,0.998009702597184,0.249999974903136,0.1,0.824881301750139,0.841462242057812,0.00152701820142669
